No,year,month,day,hour,season,PM_Jingan,PM_US Post,PM_Xuhui,DEWP,HUMI,PRES,TEMP,cbwd,Iws,precipitation,Iprec,aaaa
51685,2015,11,24,12,3,26,31,24,10,72.04,1023,15,NE,127,0,0,bbbb
51686,2015,11,24,13,3,24,30,25,10,72.04,1023,15,NE,133,0,0,bbbb
51687,2015,11,24,14,3,27,31,22,10,76.84,1022,14,NE,139,0,0,bbbb
51688,2015,11,24,15,3,22,28,21,10,76.84,1022,14,NE,144,0,0,bbbb
51689,2015,11,24,16,3,27,31,22,10,76.84,1022,14,NE,149,0,0,bbbb
51690,2015,11,24,17,3,23,31,24,11,87.66,1022,13,NE,154,0,0,bbbb
51691,2015,11,24,18,3,31,28,25,10,82.01,1023,13,NE,158,0,0,bbbb
51692,2015,11,24,19,3,25,34,30,10,82.01,1023,13,NE,161,0,0,bbbb
51693,2015,11,24,20,3,26,23,24,10,87.57,1023,12,NE,166,0.1,0.1,bbbb
51694,2015,11,24,21,3,15,16,18,11,100,1023,11,NE,172,0.1,0.2,bbbb
51695,2015,11,24,22,3,10,8,11,10,93.55,1024,11,NE,178,1,1.2,bbbb
51696,2015,11,24,23,3,3,11,NA,10,100,1024,10,NE,184,1.7,2.9,bbbb
51697,2015,11,25,0,3,7,14,9,10,100,1024,10,NE,190,2.6,5.5,bbbb
51698,2015,11,25,1,3,12,9,8,8,87.38,1024,10,NW,8,1.7,7.2,bbbb
51699,2015,11,25,2,3,NA,6,4,8,93.45,1025,9,NE,6,0.3,7.5,bbbb
51700,2015,11,25,3,3,1,6,5,8,93.45,1024,9,NW,7,0.4,7.9,bbbb
51701,2015,11,25,4,3,NA,7,4,8,93.45,1024,9,NW,13,0.1,8,bbbb
51702,2015,11,25,5,3,5,18,10,7,87.28,1024,9,NW,19,0,0,bbbb
51703,2015,11,25,6,3,22,20,14,7,93.4,1025,8,NW,26,0,0,bbbb
51704,2015,11,25,7,3,22,23,13,6,87.19,1025,8,NW,33,0,0,bbbb
51705,2015,11,25,8,3,23,27,12,6,87.19,1026,8,NW,39,0,0,bbbb
51706,2015,11,25,9,3,29,37,18,6,87.19,1026,8,NW,46,0,0,bbbb
51707,2015,11,25,10,3,34,40,37,5,81.34,1026,8,NW,54,0,0,bbbb
51708,2015,11,25,11,3,36,39,40,4,75.84,1026,8,NW,61,0,0,bbbb
51709,2015,11,25,12,3,53,53,42,3,75.67,1025,7,NW,69,NA,NA,bbbb
51710,2015,11,25,13,3,51,42,35,3,75.67,1025,7,NW,77,0,0,bbbb
51711,2015,11,25,14,3,40,34,29,3,70.67,1024,8,NW,83,0,0,bbbb
51712,2015,11,25,15,3,28,29,31,3,75.67,1024,7,NW,90,0,0,bbbb
51713,2015,11,25,16,3,34,41,36,2,70.47,1024,7,NW,96,0,0,bbbb
51714,2015,11,25,17,3,44,48,44,2,70.47,1025,7,NW,103,0,0,bbbb
51715,2015,11,25,18,3,58,65,52,1,70.27,1026,6,NW,110,0,0,bbbb
51716,2015,11,25,19,3,67,76,64,1,70.27,1026,6,NW,117,0,0,bbbb
51717,2015,11,25,20,3,73,80,65,1,70.27,1026,6,NW,124,0,0,bbbb
51718,2015,11,25,21,3,76,73,73,0,65.36,1027,6,NW,132,0,0,bbbb
51719,2015,11,25,22,3,65,60,62,1,75.32,1027,5,NW,138,0,0,bbbb
51720,2015,11,25,23,3,58,65,60,-1,65.13,1027,5,NW,147,0,0,bbbb
51721,2015,11,26,0,3,60,63,NA,-1,65.13,1027,5,NW,156,0,0,bbbb
51722,2015,11,26,1,3,60,64,63,-1,65.13,1027,5,NW,164,0,0,bbbb
51723,2015,11,26,2,3,59,57,58,-1,69.85,1026,4,NW,173,0,0,bbbb
51724,2015,11,26,3,3,60,67,60,-2,64.9,1026,4,NW,183,0,0,bbbb
51725,2015,11,26,4,3,61,58,57,-3,64.66,1026,3,NW,193,0,0,bbbb
51726,2015,11,26,5,3,51,55,58,-4,64.42,1026,2,NW,201,0,0,bbbb
51727,2015,11,26,6,3,55,63,56,-4,64.42,1027,2,NW,209,0,0,bbbb
51728,2015,11,26,7,3,56,65,57,-5,64.18,1028,1,NW,217,0,0,bbbb
51729,2015,11,26,8,3,61,66,60,-4,64.42,1029,2,NW,224,0,0,bbbb
51730,2015,11,26,9,3,60,68,64,-5,55.63,1029,3,NW,232,0,0,bbbb
51731,2015,11,26,10,3,57,59,58,-5,55.63,1030,3,NW,241,0,0,bbbb
51732,2015,11,26,11,3,57,69,60,-4,55.91,1029,4,NW,249,0,0,bbbb
51733,2015,11,26,12,3,62,61,65,-5,51.84,1029,4,NW,258,0,0,bbbb
51734,2015,11,26,13,3,60,62,63,-5,48.34,1028,5,NW,266,0,0,bbbb
51735,2015,11,26,14,3,NA,61,57,-6,44.8,1028,5,NW,275,0,0,bbbb
51736,2015,11,26,15,3,62,51,47,-8,41.17,1028,4,NW,284,0,0,bbbb
51737,2015,11,26,16,3,42,47,45,-8,41.17,1028,4,NW,292,0,0,bbbb
51738,2015,11,26,17,3,38,48,45,-9,40.86,1029,3,NW,300,0,0,bbbb
51739,2015,11,26,18,3,37,41,45,-8,44.19,1029,3,NW,308,0,0,bbbb
51740,2015,11,26,19,3,37,47,49,-8,44.19,1030,3,NW,315,0,0,bbbb
51741,2015,11,26,20,3,41,49,48,-7,55.08,1031,1,NW,321,0,0,bbbb
51742,2015,11,26,21,3,41,47,48,-7,55.08,1031,1,NW,327,0,0,bbbb
51743,2015,11,26,22,3,42,54,49,-7,59.21,1031,0,NW,334,0,0,bbbb
51744,2015,11,26,23,3,46,50,53,-6,63.94,1032,0,NW,340,0,0,bbbb
51745,2015,11,27,0,3,47,54,52,-6,68.78,1031,-1,NW,346,0,0,bbbb
51746,2015,11,27,1,3,38,40,48,-7,63.69,1031,-1,NW,352,0,0,bbbb
51747,2015,11,27,2,3,34,34,33,-8,58.95,1031,-1,NW,357,0,0,bbbb
51748,2015,11,27,3,3,32,32,28,-8,58.95,1031,-1,NW,362,0,0,bbbb
51749,2015,11,27,4,3,27,36,34,-7,68.56,1031,-2,NW,366,0,0,bbbb
51750,2015,11,27,5,3,30,34,38,-7,63.69,1031,-1,NW,370,0,0,bbbb
51751,2015,11,27,6,3,34,41,40,-7,68.56,1031,-2,NW,373,0,0,bbbb
51752,2015,11,27,7,3,36,40,44,-7,68.56,1031,-2,NE,2,0,0,bbbb
51753,2015,11,27,8,3,38,40,48,-7,59.21,1032,0,NW,3,0,0,bbbb
51754,2015,11,27,9,3,45,47,47,-7,51.27,1032,2,NW,5,0,0,bbbb
51755,2015,11,27,10,3,49,49,50,-6,51.56,1032,3,NW,7,0,0,bbbb
51756,2015,11,27,11,3,52,43,52,-6,48.04,1031,4,SW,3,0,0,bbbb
51757,2015,11,27,12,3,42,43,42,-9,35.51,1030,5,NW,2,0,0,bbbb
51758,2015,11,27,13,3,39,33,37,-10,30.61,1029,6,SW,1,0,0,bbbb
51759,2015,11,27,14,3,33,38,31,-8,33.43,1029,7,cv,2,0,0,bbbb
51760,2015,11,27,15,3,33,44,30,-9,30.92,1028,7,cv,3,0,0,bbbb
51761,2015,11,27,16,3,34,39,36,-10,28.58,1028,7,SE,3,0,0,bbbb
51762,2015,11,27,17,3,38,42,37,-9,33.12,1029,6,SW,3,0,0,bbbb
51763,2015,11,27,18,3,42,47,48,-7,38.7,1029,6,NW,2,0,0,bbbb
51764,2015,11,27,19,3,45,52,52,-7,41.48,1029,5,SW,1,NA,NA,bbbb
51765,2015,11,27,20,3,59,52,62,-5,51.84,1029,4,NE,2,0,0,bbbb
51766,2015,11,27,21,3,71,62,61,-5,48.34,1030,5,cv,0,NA,NA,bbbb
51767,2015,11,27,22,3,73,69,69,-5,45.1,1030,6,cv,1,NA,NA,bbbb
51768,2015,11,27,23,3,69,78,71,-6,41.79,1029,6,SE,2,0,0,bbbb
51769,2015,11,28,0,3,69,69,72,-5,45.1,1029,6,SE,4,NA,NA,bbbb
51770,2015,11,28,1,3,55,50,68,-5,45.1,1029,6,SE,6,NA,NA,bbbb
51771,2015,11,28,2,3,48,45,62,-4,48.63,1029,6,SE,8,NA,NA,bbbb
51772,2015,11,28,3,3,43,45,51,-5,45.1,1029,6,SE,9,0,0,bbbb
51773,2015,11,28,4,3,43,48,45,-3,52.41,1028,6,cv,0,NA,NA,bbbb
51774,2015,11,28,5,3,43,49,46,-4,48.63,1028,6,cv,0,NA,NA,bbbb
51775,2015,11,28,6,3,46,53,50,-1,60.76,1028,6,NE,1,NA,NA,bbbb
51776,2015,11,28,7,3,51,48,55,-1,60.76,1028,6,cv,1,NA,NA,bbbb
51777,2015,11,28,8,3,56,59,62,0,56.99,1029,8,cv,2,0,0,bbbb
51778,2015,11,28,9,3,63,69,71,0,53.26,1029,9,SE,1,0,0,bbbb
51779,2015,11,28,10,3,66,62,75,0,49.8,1030,10,SW,2,0,0,bbbb
51780,2015,11,28,11,3,62,67,70,-1,37.96,1029,13,SW,4,0,0,bbbb
51781,2015,11,28,12,3,61,66,63,-1,33.35,1028,15,SW,7,0,0,bbbb
51782,2015,11,28,13,3,62,61,68,-2,33.05,1027,14,SW,9,0,0,bbbb
51783,2015,11,28,14,3,60,71,69,-2,33.05,1027,14,cv,1,NA,NA,bbbb
51784,2015,11,28,15,3,68,78,78,-2,30.98,1026,15,SW,2,0,0,bbbb
51785,2015,11,28,16,3,82,79,75,-2,30.98,1026,15,SW,4,NA,NA,bbbb
51786,2015,11,28,17,3,84,80,81,2,47.17,1027,13,SW,6,NA,NA,bbbb
51787,2015,11,28,18,3,84,76,80,3,54.08,1027,12,SE,2,0,0,bbbb
51788,2015,11,28,19,3,78,73,81,4,58.03,1028,12,SE,5,NA,NA,bbbb
51789,2015,11,28,20,3,81,77,71,6,71.27,1028,11,SE,7,0,0,bbbb
51790,2015,11,28,21,3,77,77,68,6,71.27,1028,11,SW,1,NA,NA,bbbb
51791,2015,11,28,22,3,72,75,72,6,71.27,1028,11,cv,0,NA,NA,bbbb
51792,2015,11,28,23,3,73,73,75,5,66.49,1028,11,cv,0,NA,NA,bbbb
51793,2015,11,29,0,3,74,66,77,8,87.38,1028,10,SE,1,NA,NA,bbbb
51794,2015,11,29,1,3,75,74,80,6,76.18,1027,10,NE,2,NA,NA,bbbb
51795,2015,11,29,2,3,79,73,83,8,93.45,1027,9,SW,2,NA,NA,bbbb
51796,2015,11,29,3,3,79,76,84,8,93.45,1027,9,SE,2,NA,NA,bbbb
51797,2015,11,29,4,3,81,82,83,8,93.45,1026,9,cv,0,NA,NA,bbbb
51798,2015,11,29,5,3,81,77,87,8,93.45,1026,9,SE,1,NA,NA,bbbb
51799,2015,11,29,6,3,78,79,90,8,93.45,1026,9,SW,1,NA,NA,bbbb
51800,2015,11,29,7,3,78,68,83,8,93.45,1026,9,NW,1,NA,NA,bbbb
51801,2015,11,29,8,3,79,76,83,8,93.45,1026,9,cv,0,0.3,0.3,bbbb
51802,2015,11,29,9,3,78,80,83,9,93.5,1027,10,SW,2,NA,NA,bbbb
51803,2015,11,29,10,3,61,62,66,9,93.5,1026,10,SE,2,NA,NA,bbbb
51804,2015,11,29,11,3,56,48,62,10,93.55,1026,11,SW,2,0,0,bbbb
51805,2015,11,29,12,3,61,57,67,10,93.55,1026,11,SW,4,NA,NA,bbbb
51806,2015,11,29,13,3,75,60,70,10,93.55,1025,11,NW,2,0,0,bbbb
51807,2015,11,29,14,3,69,50,78,10,93.55,1024,11,SW,2,0,0,bbbb
51808,2015,11,29,15,3,67,52,72,10,87.57,1024,12,SW,4,NA,NA,bbbb
51809,2015,11,29,16,3,60,60,65,10,87.57,1024,12,SW,6,NA,NA,bbbb
51810,2015,11,29,17,3,70,68,70,10,87.57,1025,12,cv,1,NA,NA,bbbb
51811,2015,11,29,18,3,91,83,74,10,93.55,1025,11,NW,2,NA,NA,bbbb
51812,2015,11,29,19,3,101,93,93,9,87.47,1025,11,NW,4,NA,NA,bbbb
51813,2015,11,29,20,3,104,103,111,9,93.5,1025,10,SW,1,NA,NA,bbbb
51814,2015,11,29,21,3,103,100,118,8,93.45,1026,9,SW,2,NA,NA,bbbb
51815,2015,11,29,22,3,108,98,120,8,100,1026,8,SW,3,NA,NA,bbbb
51816,2015,11,29,23,3,111,94,122,8,100,1026,8,cv,0,NA,NA,bbbb
51817,2015,11,30,0,3,110,88,121,8,100,1026,8,SW,1,NA,NA,bbbb
51818,2015,11,30,1,3,108,94,106,7,93.4,1025,8,SW,2,0,0,bbbb
51819,2015,11,30,2,3,101,96,91,8,100,1025,8,cv,0,0,0,bbbb
51820,2015,11,30,3,3,84,93,79,8,100,1025,8,SW,1,NA,NA,bbbb
51821,2015,11,30,4,3,77,77,60,7,100,1025,7,cv,0,NA,NA,bbbb
51822,2015,11,30,5,3,76,73,59,7,100,1025,7,cv,0,NA,NA,bbbb
51823,2015,11,30,6,3,73,72,68,7,100,1025,7,NE,2,NA,NA,bbbb
51824,2015,11,30,7,3,72,69,78,7,100,1025,7,NE,3,0,0,bbbb
51825,2015,11,30,8,3,84,81,82,8,93.45,1026,9,NE,5,NA,NA,bbbb
51826,2015,11,30,9,3,99,94,92,10,100,1026,10,NE,7,0,0,bbbb
51827,2015,11,30,10,3,132,131,118,11,93.6,1026,12,NE,9,0,0,bbbb
51828,2015,11,30,11,3,165,144,145,11,82.14,1025,14,cv,1,0,0,bbbb
51829,2015,11,30,12,3,182,151,162,10,72.04,1025,15,cv,2,0,0,bbbb
51830,2015,11,30,13,3,189,130,158,10,67.57,1024,16,cv,3,0,0,bbbb
51831,2015,11,30,14,3,176,130,140,9,59.29,1023,17,cv,4,0,0,bbbb
51832,2015,11,30,15,3,154,134,156,9,63.18,1023,16,NE,3,0,0,bbbb
51833,2015,11,30,16,3,174,156,174,8,59.04,1023,16,NE,5,0,0,bbbb
51834,2015,11,30,17,3,177,187,196,8,62.95,1023,15,NE,8,NA,NA,bbbb
51835,2015,11,30,18,3,196,168,199,9,67.36,1023,15,NE,11,0,0,bbbb
51836,2015,11,30,19,3,177,143,166,9,71.85,1023,14,NE,15,0,0,bbbb
51837,2015,11,30,20,3,141,138,158,9,71.85,1024,14,NE,20,NA,NA,bbbb
51838,2015,11,30,21,3,129,130,154,10,82.01,1024,13,NE,23,NA,NA,bbbb
51839,2015,11,30,22,3,129,119,134,9,76.68,1024,13,NE,25,0,0,bbbb
51840,2015,11,30,23,3,114,100,113,9,81.88,1024,12,NE,26,NA,NA,bbbb
51841,2015,12,1,0,4,114,97,105,9,81.88,1024,12,cv,0,NA,NA,bbbb
51842,2015,12,1,1,4,106,88,101,9,87.47,1024,11,cv,1,NA,NA,bbbb
51843,2015,12,1,2,4,104,87,96,9,93.5,1024,10,NW,2,NA,NA,bbbb
51844,2015,12,1,3,4,96,82,91,8,93.45,1023,9,NE,2,0,0,bbbb
51845,2015,12,1,4,4,82,73,81,8,93.45,1023,9,NE,4,NA,NA,bbbb
51846,2015,12,1,5,4,74,67,71,8,93.45,1023,9,NE,5,0,0,bbbb
51847,2015,12,1,6,4,65,65,66,9,100,1023,9,NE,6,0,0,bbbb
51848,2015,12,1,7,4,66,60,57,9,93.5,1023,10,NE,8,0,0,bbbb
51849,2015,12,1,8,4,67,64,65,10,82.01,1023,13,NE,11,0,0,bbbb
51850,2015,12,1,9,4,62,61,61,11,77.01,1023,15,NE,16,0,0,bbbb
51851,2015,12,1,10,4,55,45,58,11,67.78,1023,17,NE,20,0,0,bbbb
51852,2015,12,1,11,4,47,42,43,10,63.41,1023,17,SE,5,0,0,bbbb
51853,2015,12,1,12,4,36,40,42,10,59.54,1022,18,SE,10,0,0,bbbb
51854,2015,12,1,13,4,34,41,34,10,59.54,1021,18,SE,15,0,0,bbbb
51855,2015,12,1,14,4,35,36,34,10,59.54,1020,18,SE,20,0,0,bbbb
51856,2015,12,1,15,4,31,33,30,10,59.54,1020,18,SE,26,NA,NA,bbbb
51857,2015,12,1,16,4,17,34,35,10,63.41,1020,17,SE,31,0,0,bbbb
51858,2015,12,1,17,4,19,45,37,11,67.78,1020,17,SE,36,NA,NA,bbbb
51859,2015,12,1,18,4,29,42,45,11,67.78,1020,17,SE,41,0,0,bbbb
51860,2015,12,1,19,4,37,43,45,11,72.23,1020,16,SE,46,0,0,bbbb
51861,2015,12,1,20,4,34,45,47,12,77.17,1020,16,SE,49,0,0,bbbb
51862,2015,12,1,21,4,37,43,42,12,77.17,1019,16,SE,53,0,0,bbbb
51863,2015,12,1,22,4,37,40,44,12,77.17,1019,16,SE,57,0,0,bbbb
51864,2015,12,1,23,4,40,39,46,12,82.27,1019,15,SE,60,NA,NA,bbbb
51865,2015,12,2,0,4,45,45,47,12,82.27,1019,15,SE,62,0,0,bbbb
51866,2015,12,2,1,4,47,47,42,13,87.84,1018,15,SE,65,NA,NA,bbbb
51867,2015,12,2,2,4,45,42,50,13,87.84,1018,15,SE,67,NA,NA,bbbb
51868,2015,12,2,3,4,48,45,51,13,87.84,1018,15,SE,68,NA,NA,bbbb
51869,2015,12,2,4,4,50,51,53,13,93.7,1018,14,SW,2,NA,NA,bbbb
51870,2015,12,2,5,4,55,54,53,13,87.84,1018,15,NW,3,NA,NA,bbbb
51871,2015,12,2,6,4,72,64,67,12,82.27,1018,15,NW,5,0.1,0.1,bbbb
51872,2015,12,2,7,4,80,69,73,13,93.7,1020,14,NW,8,0.8,0.9,bbbb
51873,2015,12,2,8,4,97,83,83,13,93.7,1021,14,NW,13,0.6,1.5,bbbb
51874,2015,12,2,9,4,88,81,90,13,93.7,1022,14,NW,18,0.8,2.3,bbbb
51875,2015,12,2,10,4,71,75,95,11,87.66,1022,13,NW,24,0.1,2.4,bbbb
51876,2015,12,2,11,4,78,75,85,10,82.01,1021,13,NW,30,0,0,bbbb
51877,2015,12,2,12,4,79,82,87,10,82.01,1020,13,NW,35,0,0,bbbb
51878,2015,12,2,13,4,87,82,90,9,71.85,1019,14,NW,41,0,0,bbbb
51879,2015,12,2,14,4,93,85,87,8,67.15,1019,14,NW,49,0,0,bbbb
51880,2015,12,2,15,4,101,98,96,8,76.52,1019,12,NW,58,0,0,bbbb
51881,2015,12,2,16,4,108,97,110,7,71.47,1020,12,NW,65,0,0,bbbb
51882,2015,12,2,17,4,108,101,108,6,66.71,1021,12,NW,71,0,0,bbbb
51883,2015,12,2,18,4,102,109,111,5,66.49,1022,11,NW,77,0,0,bbbb
51884,2015,12,2,19,4,116,115,124,5,66.49,1022,11,NW,82,0,0,bbbb
51885,2015,12,2,20,4,117,106,118,5,66.49,1023,11,NW,86,NA,NA,bbbb
51886,2015,12,2,21,4,90,66,99,2,57.51,1023,10,NW,91,0,0,bbbb
51887,2015,12,2,22,4,59,56,79,1,57.25,1024,9,NW,96,0,0,bbbb
51888,2015,12,2,23,4,54,62,75,-1,49.51,1024,9,NW,102,0,0,bbbb
51889,2015,12,3,0,4,53,63,71,-2,49.22,1025,8,NW,107,NA,NA,bbbb
51890,2015,12,3,1,4,58,64,62,-2,49.22,1025,8,NW,112,0,0,bbbb
51891,2015,12,3,2,4,58,61,69,-1,60.76,1024,6,NW,115,NA,NA,bbbb
51892,2015,12,3,3,4,56,61,62,-3,52.41,1024,6,NW,118,NA,NA,bbbb
51893,2015,12,3,4,4,60,67,69,-2,56.45,1024,6,NW,121,NA,NA,bbbb
51894,2015,12,3,5,4,61,65,76,-1,65.13,1024,5,SW,3,NA,NA,bbbb
51895,2015,12,3,6,4,68,71,75,-1,65.13,1025,5,SW,5,NA,NA,bbbb
51896,2015,12,3,7,4,70,74,74,0,70.06,1025,5,SW,7,0,0,bbbb
51897,2015,12,3,8,4,76,88,78,2,70.47,1025,7,SW,10,0,0,bbbb
51898,2015,12,3,9,4,79,79,86,2,61.51,1025,9,SW,14,0,0,bbbb
51899,2015,12,3,10,4,66,61,76,-1,43.31,1025,11,NW,6,0,0,bbbb
51900,2015,12,3,11,4,52,44,55,-2,37.66,1025,12,NW,13,0,0,bbbb
51901,2015,12,3,12,4,36,43,44,-6,26.11,1023,13,NW,22,0,0,bbbb
51902,2015,12,3,13,4,37,43,44,-5,28.18,1023,13,NW,32,0,0,bbbb
51903,2015,12,3,14,4,36,41,39,-4,30.39,1022,13,NW,40,0,0,bbbb
51904,2015,12,3,15,4,36,37,37,-7,24.18,1023,13,NW,49,0,0,bbbb
51905,2015,12,3,16,4,32,33,33,-7,25.82,1023,12,NW,56,0,0,bbbb
51906,2015,12,3,17,4,34,42,35,-7,27.58,1024,11,NW,63,0,0,bbbb
51907,2015,12,3,18,4,42,52,39,-7,29.48,1025,10,NW,69,0,0,bbbb
51908,2015,12,3,19,4,47,46,41,-6,34.05,1026,9,NW,74,0,0,bbbb
51909,2015,12,3,20,4,43,48,42,-4,42.4,1027,8,NW,79,0,0,bbbb
51910,2015,12,3,21,4,38,46,39,-5,42.1,1028,7,NW,84,0,0,bbbb
51911,2015,12,3,22,4,35,41,43,-5,45.1,1028,6,NW,89,0,0,bbbb
51912,2015,12,3,23,4,39,38,48,-5,45.1,1029,6,NW,93,0,0,bbbb
51913,2015,12,4,0,4,33,36,41,-5,48.34,1029,5,NW,97,0,0,bbbb
51914,2015,12,4,1,4,31,38,39,-5,48.34,1029,5,NW,102,0,0,bbbb
51915,2015,12,4,2,4,35,38,40,-6,48.04,1029,4,NW,106,0,0,bbbb
51916,2015,12,4,3,4,32,40,35,-5,51.84,1029,4,NW,110,0,0,bbbb
51917,2015,12,4,4,4,30,40,42,-6,48.04,1029,4,NW,115,0,0,bbbb
51918,2015,12,4,5,4,33,38,44,-7,44.49,1029,4,NW,118,0,0,bbbb
51919,2015,12,4,6,4,35,41,40,-7,44.49,1030,4,NW,122,0,0,bbbb
51920,2015,12,4,7,4,31,42,44,-7,44.49,1030,4,NW,126,0,0,bbbb
51921,2015,12,4,8,4,40,49,38,-7,41.48,1031,5,NW,130,0,0,bbbb
51922,2015,12,4,9,4,44,45,43,-7,38.7,1032,6,NW,135,0,0,bbbb
51923,2015,12,4,10,4,44,46,38,-8,33.43,1032,7,NW,139,0,0,bbbb
51924,2015,12,4,11,4,46,48,43,-7,33.74,1031,8,NW,143,0,0,bbbb
51925,2015,12,4,12,4,44,44,35,-8,27.29,1030,10,NW,148,0,0,bbbb
51926,2015,12,4,13,4,42,40,43,-8,27.29,1029,10,NW,153,0,0,bbbb
51927,2015,12,4,14,4,37,44,45,-7,29.48,1029,10,NW,159,0,0,bbbb
51928,2015,12,4,15,4,51,50,49,-8,27.29,1029,10,NW,163,0,0,bbbb
51929,2015,12,4,16,4,46,53,50,-7,31.53,1029,9,NW,167,0,0,bbbb
51930,2015,12,4,17,4,48,52,47,-7,33.74,1029,8,NW,170,NA,NA,bbbb
51931,2015,12,4,18,4,52,61,54,-7,33.74,1029,8,NW,172,NA,NA,bbbb
51932,2015,12,4,19,4,62,65,68,-4,45.4,1030,7,SW,3,NA,NA,bbbb
51933,2015,12,4,20,4,71,74,73,-3,52.41,1029,6,SW,5,NA,NA,bbbb
51934,2015,12,4,21,4,74,74,78,-3,52.41,1029,6,cv,0,NA,NA,bbbb
51935,2015,12,4,22,4,78,78,76,-3,52.41,1029,6,cv,0,NA,NA,bbbb
51936,2015,12,4,23,4,80,76,72,-2,56.45,1029,6,cv,0,NA,NA,bbbb
51937,2015,12,5,0,4,78,77,83,-1,60.76,1028,6,cv,0,NA,NA,bbbb
51938,2015,12,5,1,4,76,76,88,0,65.36,1028,6,SW,1,NA,NA,bbbb
51939,2015,12,5,2,4,77,75,84,1,70.27,1028,6,cv,0,NA,NA,bbbb
51940,2015,12,5,3,4,77,71,81,1,70.27,1028,6,SW,1,NA,NA,bbbb
51941,2015,12,5,4,4,78,69,84,1,70.27,1028,6,cv,0,NA,NA,bbbb
51942,2015,12,5,5,4,79,74,87,1,65.59,1027,7,SE,1,NA,NA,bbbb
51943,2015,12,5,6,4,74,73,83,0,61.01,1028,7,cv,0,NA,NA,bbbb
51944,2015,12,5,7,4,64,71,76,0,61.01,1028,7,SW,1,NA,NA,bbbb
51945,2015,12,5,8,4,62,71,76,0,56.99,1028,8,SW,2,NA,NA,bbbb
51946,2015,12,5,9,4,65,72,76,-3,45.7,1029,8,SE,2,0,0,bbbb
51947,2015,12,5,10,4,63,75,77,-4,39.63,1029,9,SW,2,NA,NA,bbbb
51948,2015,12,5,11,4,60,46,64,-4,39.63,1029,9,SW,4,0,0,bbbb
51949,2015,12,5,12,4,40,42,40,0,61.01,1028,7,SW,7,0.3,0.3,bbbb
51950,2015,12,5,13,4,39,43,41,2,75.49,1028,6,SW,11,0,0,bbbb
51951,2015,12,5,14,4,42,49,42,2,80.92,1028,5,NW,3,0.1,0.1,bbbb
51952,2015,12,5,15,4,50,56,46,2,86.79,1028,4,NE,2,NA,NA,bbbb
51953,2015,12,5,16,4,52,61,54,2,86.79,1029,4,NE,4,1.6,1.6,bbbb
51954,2015,12,5,17,4,59,66,60,3,93.19,1029,4,NE,7,NA,NA,bbbb
51955,2015,12,5,18,4,65,72,63,3,93.19,1029,4,NE,9,0.6,0.6,bbbb
51956,2015,12,5,19,4,69,74,75,3,93.19,1030,4,NE,12,0.9,1.5,bbbb
51957,2015,12,5,20,4,73,66,74,3,93.19,1031,4,NW,4,1,2.5,bbbb
51958,2015,12,5,21,4,69,67,70,2,86.79,1031,4,NE,3,0.7,3.2,bbbb
51959,2015,12,5,22,4,68,67,69,3,93.19,1031,4,NE,6,1.6,4.8,bbbb
51960,2015,12,5,23,4,65,63,66,2,93.13,1031,3,NW,3,1.6,6.4,bbbb
51961,2015,12,6,0,4,61,61,60,2,93.13,1030,3,NE,2,1.2,7.6,bbbb
51962,2015,12,6,1,4,63,66,63,2,93.13,1030,3,NW,2,0.9,8.5,bbbb
51963,2015,12,6,2,4,60,57,64,2,93.13,1029,3,NW,5,0.3,8.8,bbbb
51964,2015,12,6,3,4,58,63,67,2,93.13,1029,3,NW,9,0,0,bbbb
51965,2015,12,6,4,4,59,62,65,3,100,1029,3,NW,12,0,0,bbbb
51966,2015,12,6,5,4,66,75,67,3,93.19,1029,4,NW,15,0,0,bbbb
51967,2015,12,6,6,4,78,76,74,3,93.19,1029,4,NW,18,NA,NA,bbbb
51968,2015,12,6,7,4,73,71,81,3,93.19,1030,4,NW,20,NA,NA,bbbb
51969,2015,12,6,8,4,71,69,86,4,93.24,1031,5,NW,22,NA,NA,bbbb
51970,2015,12,6,9,4,85,89,92,4,86.99,1031,6,NW,24,0,0,bbbb
51971,2015,12,6,10,4,97,101,97,4,86.99,1031,6,NW,27,NA,NA,bbbb
51972,2015,12,6,11,4,110,104,114,3,75.67,1030,7,NW,31,0,0,bbbb
51973,2015,12,6,12,4,114,113,115,3,70.67,1030,8,NW,36,0,0,bbbb
51974,2015,12,6,13,4,130,122,120,3,66.05,1029,9,NW,40,0,0,bbbb
51975,2015,12,6,14,4,137,130,133,3,66.05,1028,9,NW,44,0,0,bbbb
51976,2015,12,6,15,4,136,129,143,3,66.05,1028,9,NW,48,0,0,bbbb
51977,2015,12,6,16,4,125,116,138,3,66.05,1028,9,NW,51,NA,NA,bbbb
51978,2015,12,6,17,4,126,118,139,3,70.67,1029,8,NW,54,NA,NA,bbbb
51979,2015,12,6,18,4,134,124,146,3,70.67,1029,8,NW,57,NA,NA,bbbb
51980,2015,12,6,19,4,144,138,157,4,81.2,1030,7,SW,2,NA,NA,bbbb
51981,2015,12,6,20,4,143,146,164,3,75.67,1030,7,NW,2,0,0,bbbb
51982,2015,12,6,21,4,146,134,157,4,81.2,1030,7,NW,4,NA,NA,bbbb
51983,2015,12,6,22,4,157,140,158,3,81.06,1031,6,cv,1,NA,NA,bbbb
51984,2015,12,6,23,4,161,145,164,4,86.99,1030,6,cv,1,NA,NA,bbbb
51985,2015,12,7,0,4,171,140,167,4,93.24,1030,5,cv,1,0,0,bbbb
51986,2015,12,7,1,4,180,156,169,3,93.19,1030,4,NE,1,NA,NA,bbbb
51987,2015,12,7,2,4,178,153,170,3,93.19,1030,4,SW,1,0,0,bbbb
51988,2015,12,7,3,4,176,154,171,3,100,1030,3,SW,3,NA,NA,bbbb
51989,2015,12,7,4,4,176,156,166,3,100,1029,3,cv,0,NA,NA,bbbb
51990,2015,12,7,5,4,165,140,169,2,100,1029,2,SW,1,NA,NA,bbbb
51991,2015,12,7,6,4,143,128,171,2,100,1030,2,cv,0,NA,NA,bbbb
51992,2015,12,7,7,4,137,117,161,3,100,1031,3,NE,2,NA,NA,bbbb
51993,2015,12,7,8,4,140,106,164,5,100,1031,5,NW,2,0,0,bbbb
51994,2015,12,7,9,4,128,92,145,5,81.34,1032,8,NW,5,0,0,bbbb
51995,2015,12,7,10,4,113,87,108,5,66.49,1032,11,NE,3,0,0,bbbb
51996,2015,12,7,11,4,80,59,88,6,66.71,1031,12,NW,5,0,0,bbbb
51997,2015,12,7,12,4,48,27,55,6,62.48,1030,13,NE,3,0,0,bbbb
51998,2015,12,7,13,4,28,37,NA,4,54.35,1030,13,NE,6,0,0,bbbb
51999,2015,12,7,14,4,31,40,29,5,54.62,1029,14,NE,9,0,0,bbbb
52000,2015,12,7,15,4,37,35,37,4,50.92,1029,14,NE,13,0,0,bbbb
52001,2015,12,7,16,4,32,35,38,3,50.65,1029,13,NE,16,0,0,bbbb
52002,2015,12,7,17,4,25,31,31,6,66.71,1030,12,NE,20,0,0,bbbb
52003,2015,12,7,18,4,25,30,24,5,66.49,1031,11,NE,24,0,0,bbbb
52004,2015,12,7,19,4,28,33,25,5,66.49,1031,11,NE,28,0,0,bbbb
52005,2015,12,7,20,4,30,37,24,4,66.27,1032,10,NE,31,0,0,bbbb
52006,2015,12,7,21,4,31,39,24,4,66.27,1032,10,NE,33,0,0,bbbb
52007,2015,12,7,22,4,33,34,27,4,70.88,1032,9,NE,35,NA,NA,bbbb
52008,2015,12,7,23,4,37,39,34,4,75.84,1032,8,NE,37,NA,NA,bbbb
52009,2015,12,8,0,4,34,38,33,4,75.84,1032,8,NE,39,NA,NA,bbbb
52010,2015,12,8,1,4,32,38,33,4,86.99,1032,6,NE,41,NA,NA,bbbb
52011,2015,12,8,2,4,36,45,31,4,86.99,1032,6,NE,43,NA,NA,bbbb
52012,2015,12,8,3,4,39,33,30,4,93.24,1032,5,NW,2,NA,NA,bbbb
52013,2015,12,8,4,4,36,35,34,4,93.24,1031,5,NE,2,NA,NA,bbbb
52014,2015,12,8,5,4,30,27,36,3,93.19,1031,4,NE,3,NA,NA,bbbb
52015,2015,12,8,6,4,29,38,36,4,100,1032,4,NE,4,NA,NA,bbbb
52016,2015,12,8,7,4,30,36,35,3,93.19,1032,4,NE,6,0,0,bbbb
52017,2015,12,8,8,4,34,32,34,6,87.19,1033,8,NE,7,0,0,bbbb
52018,2015,12,8,9,4,29,25,24,6,71.27,1033,11,NE,10,0,0,bbbb
52019,2015,12,8,10,4,26,20,25,5,62.24,1033,12,NE,15,0,0,bbbb
52020,2015,12,8,11,4,24,20,21,5,54.62,1032,14,NE,19,0,0,bbbb
52021,2015,12,8,12,4,24,25,16,5,54.62,1031,14,SE,4,0,0,bbbb
52022,2015,12,8,13,4,26,26,17,5,54.62,1030,14,SE,8,0,0,bbbb
52023,2015,12,8,14,4,23,26,20,5,54.62,1030,14,SE,12,0,0,bbbb
52024,2015,12,8,15,4,23,27,19,5,58.29,1030,13,NE,3,0,0,bbbb
52025,2015,12,8,16,4,23,29,20,5,58.29,1031,13,NE,7,0,0,bbbb
52026,2015,12,8,17,4,26,32,22,6,62.48,1030,13,NE,10,0,0,bbbb
52027,2015,12,8,18,4,29,38,33,5,62.24,1030,12,NE,14,0,0,bbbb
52028,2015,12,8,19,4,32,40,32,6,66.71,1030,12,NE,18,NA,NA,bbbb
52029,2015,12,8,20,4,37,44,38,6,66.71,1031,12,NE,21,0,0,bbbb
52030,2015,12,8,21,4,39,39,40,6,71.27,1030,11,NE,24,NA,NA,bbbb
52031,2015,12,8,22,4,44,41,41,6,71.27,1031,11,NE,26,0,0,bbbb
52032,2015,12,8,23,4,47,48,39,6,71.27,1030,11,NE,30,NA,NA,bbbb
52033,2015,12,9,0,4,NA,37,42,6,71.27,1030,11,NE,32,NA,NA,bbbb
52034,2015,12,9,1,4,39,44,45,6,76.18,1029,10,NE,34,NA,NA,bbbb
52035,2015,12,9,2,4,46,44,45,6,81.48,1028,9,NE,36,NA,NA,bbbb
52036,2015,12,9,3,4,46,47,43,6,71.27,1028,11,NE,38,NA,NA,bbbb
52037,2015,12,9,4,4,40,45,46,6,71.27,1027,11,NE,39,NA,NA,bbbb
52038,2015,12,9,5,4,39,42,44,7,76.35,1027,11,NE,42,0,0,bbbb
52039,2015,12,9,6,4,35,39,45,8,76.52,1026,12,NE,46,0,0,bbbb
52040,2015,12,9,7,4,34,38,43,7,71.47,1026,12,NE,51,0,0,bbbb
52041,2015,12,9,8,4,34,37,49,8,71.66,1026,13,NE,55,0,0,bbbb
52042,2015,12,9,9,4,34,41,47,8,67.15,1026,14,SE,4,0,0,bbbb
52043,2015,12,9,10,4,36,45,47,9,71.85,1026,14,SE,8,0,0,bbbb
52044,2015,12,9,11,4,39,36,39,9,67.36,1024,15,SE,12,NA,NA,bbbb
52045,2015,12,9,12,4,28,37,40,10,72.04,1023,15,SE,15,0,0,bbbb
52046,2015,12,9,13,4,38,43,39,11,82.14,1022,14,SE,17,NA,NA,bbbb
52047,2015,12,9,14,4,39,41,43,12,87.75,1022,14,SE,18,NA,NA,bbbb
52048,2015,12,9,15,4,40,38,45,12,93.65,1022,13,cv,0,NA,NA,bbbb
52049,2015,12,9,16,4,46,40,48,12,93.65,1021,13,NE,2,NA,NA,bbbb
52050,2015,12,9,17,4,47,47,41,12,93.65,1021,13,NE,4,1.3,1.3,bbbb
52051,2015,12,9,18,4,39,32,39,12,93.65,1021,13,NE,7,NA,NA,bbbb
52052,2015,12,9,19,4,34,36,40,13,100,1021,13,NE,9,NA,NA,bbbb
52053,2015,12,9,20,4,35,32,33,13,100,1020,13,NE,11,NA,NA,bbbb
52054,2015,12,9,21,4,29,33,30,13,100,1020,13,NW,3,NA,NA,bbbb
52055,2015,12,9,22,4,19,15,22,13,100,1019,13,NW,6,NA,NA,bbbb
52056,2015,12,9,23,4,12,19,16,13,100,1018,13,NE,2,NA,NA,bbbb
52057,2015,12,10,0,4,16,17,21,13,100,1018,13,NW,1,NA,NA,bbbb
52058,2015,12,10,1,4,17,21,19,13,100,1017,13,cv,0,NA,NA,bbbb
52059,2015,12,10,2,4,17,21,18,13,100,1017,13,NW,3,NA,NA,bbbb
52060,2015,12,10,3,4,19,18,17,13,100,1017,13,NW,6,NA,NA,bbbb
52061,2015,12,10,4,4,17,28,24,12,93.65,1017,13,NW,9,NA,NA,bbbb
52062,2015,12,10,5,4,25,25,29,12,100,1016,12,NW,12,NA,NA,bbbb
52063,2015,12,10,6,4,32,29,32,12,100,1016,12,NW,15,NA,NA,bbbb
52064,2015,12,10,7,4,31,38,36,12,100,1016,12,NW,18,NA,NA,bbbb
52065,2015,12,10,8,4,34,37,42,12,100,1017,12,NW,22,0.6,0.6,bbbb
52066,2015,12,10,9,4,43,44,42,11,93.6,1017,12,NW,26,0.1,0.7,bbbb
52067,2015,12,10,10,4,52,50,50,11,93.6,1017,12,NW,31,NA,NA,bbbb
52068,2015,12,10,11,4,56,42,52,11,93.6,1016,12,NW,35,1,1,bbbb
52069,2015,12,10,12,4,47,52,52,11,93.6,1015,12,NW,41,0.5,1.5,bbbb
52070,2015,12,10,13,4,56,51,56,11,93.6,1015,12,NW,47,0.1,1.6,bbbb
52071,2015,12,10,14,4,58,54,54,11,93.6,1014,12,NW,54,0.5,2.1,bbbb
52072,2015,12,10,15,4,57,67,53,11,93.6,1014,12,NW,60,0.3,2.4,bbbb
52073,2015,12,10,16,4,70,72,75,11,93.6,1014,12,NW,67,0,0,bbbb
52074,2015,12,10,17,4,70,65,62,11,93.6,1015,12,NW,75,0,0,bbbb
52075,2015,12,10,18,4,62,60,58,11,93.6,1016,12,NW,82,0,0,bbbb
52076,2015,12,10,19,4,62,57,62,11,93.6,1017,12,NW,88,0,0,bbbb
52077,2015,12,10,20,4,53,45,56,11,93.6,1017,12,NW,95,0.1,0.1,bbbb
52078,2015,12,10,21,4,42,38,48,11,93.6,1018,12,NW,101,0.1,0.2,bbbb
52079,2015,12,10,22,4,34,31,41,11,93.6,1019,12,NW,106,0,0,bbbb
52080,2015,12,10,23,4,26,26,33,11,93.6,1019,12,NW,111,0.1,0.1,bbbb
52081,2015,12,11,0,4,25,30,30,11,93.6,1019,12,NW,116,0,0,bbbb
52082,2015,12,11,1,4,NA,38,34,10,87.57,1020,12,NW,122,0,0,bbbb
52083,2015,12,11,2,4,39,41,35,10,93.55,1020,11,NW,126,0,0,bbbb
52084,2015,12,11,3,4,38,38,38,10,93.55,1020,11,NW,131,NA,NA,bbbb
52085,2015,12,11,4,4,39,41,40,9,87.47,1020,11,NW,135,0,0,bbbb
52086,2015,12,11,5,4,38,37,37,9,87.47,1020,11,NW,140,0,0,bbbb
52087,2015,12,11,6,4,58,82,53,9,87.47,1020,11,NW,145,0,0,bbbb
52088,2015,12,11,7,4,114,121,100,9,93.5,1021,10,NE,4,0,0,bbbb
52089,2015,12,11,8,4,132,131,128,8,87.38,1022,10,NW,5,0,0,bbbb
52090,2015,12,11,9,4,146,148,144,8,81.75,1023,11,NW,11,0,0,bbbb
52091,2015,12,11,10,4,167,169,162,8,81.75,1023,11,NW,17,0,0,bbbb
52092,2015,12,11,11,4,192,180,185,7,81.61,1023,10,NW,23,0,0,bbbb
52093,2015,12,11,12,4,191,168,189,7,76.35,1023,11,NW,29,0,0,bbbb
52094,2015,12,11,13,4,165,148,157,6,71.27,1022,11,NW,35,0,0,bbbb
52095,2015,12,11,14,4,141,117,131,6,71.27,1022,11,NW,42,0,0,bbbb
52096,2015,12,11,15,4,120,94,110,5,66.49,1022,11,NW,47,0,0,bbbb
52097,2015,12,11,16,4,90,81,101,5,71.07,1022,10,NW,53,0,0,bbbb
52098,2015,12,11,17,4,69,59,79,4,70.88,1023,9,NW,57,0,0,bbbb
52099,2015,12,11,18,4,46,34,52,4,70.88,1023,9,NE,5,0,0,bbbb
52100,2015,12,11,19,4,29,32,33,3,70.67,1023,8,NE,10,0,0,bbbb
52101,2015,12,11,20,4,25,26,26,2,70.47,1024,7,NE,15,0,0,bbbb
52102,2015,12,11,21,4,23,30,24,1,75.32,1024,5,NE,18,0,0,bbbb
52103,2015,12,11,22,4,27,24,27,1,70.27,1025,6,NW,2,NA,NA,bbbb
52104,2015,12,11,23,4,27,26,26,2,80.92,1025,5,NW,4,0,0,bbbb
52105,2015,12,12,0,4,28,27,NA,2,75.49,1025,6,NW,5,NA,NA,bbbb
52106,2015,12,12,1,4,34,34,32,2,80.92,1025,5,NW,7,NA,NA,bbbb
52107,2015,12,12,2,4,43,43,42,2,80.92,1025,5,NE,2,NA,NA,bbbb
52108,2015,12,12,3,4,49,49,46,2,80.92,1025,5,NW,2,NA,NA,bbbb
52109,2015,12,12,4,4,51,47,50,1,80.78,1024,4,NW,5,0,0,bbbb
52110,2015,12,12,5,4,48,44,51,1,86.68,1024,3,NE,3,0,0,bbbb
52111,2015,12,12,6,4,47,47,51,1,86.68,1024,3,NE,5,0,0,bbbb
52112,2015,12,12,7,4,47,57,46,1,86.68,1024,3,NE,8,0,0,bbbb
52113,2015,12,12,8,4,52,58,49,4,86.99,1024,6,NE,10,0,0,bbbb
52114,2015,12,12,9,4,55,55,48,4,75.84,1025,8,NE,14,0,0,bbbb
52115,2015,12,12,10,4,57,51,52,2,57.51,1025,10,NE,17,0,0,bbbb
52116,2015,12,12,11,4,51,51,53,3,57.77,1024,11,NE,19,0,0,bbbb
52117,2015,12,12,12,4,49,51,54,3,54.08,1023,12,cv,2,0,0,bbbb
52118,2015,12,12,13,4,49,50,52,2,47.17,1022,13,SW,2,0,0,bbbb
52119,2015,12,12,14,4,53,54,44,2,47.17,1022,13,NE,3,0,0,bbbb
52120,2015,12,12,15,4,57,56,41,3,54.08,1021,12,NE,6,0,0,bbbb
52121,2015,12,12,16,4,54,57,50,3,54.08,1022,12,NE,9,0,0,bbbb
52122,2015,12,12,17,4,53,57,47,3,61.76,1022,10,NE,12,0,0,bbbb
52123,2015,12,12,18,4,50,56,53,3,61.76,1023,10,NE,15,0,0,bbbb
52124,2015,12,12,19,4,50,47,52,4,66.27,1023,10,NE,19,0,0,bbbb
52125,2015,12,12,20,4,42,45,47,5,71.07,1023,10,SE,2,NA,NA,bbbb
52126,2015,12,12,21,4,43,47,43,5,71.07,1024,10,NE,2,0,0,bbbb
52127,2015,12,12,22,4,47,50,43,5,76.01,1023,9,NE,5,0,0,bbbb
52128,2015,12,12,23,4,47,51,50,6,81.48,1023,9,NE,8,0,0,bbbb
52129,2015,12,13,0,4,52,54,52,5,81.34,1023,8,NE,9,NA,NA,bbbb
52130,2015,12,13,1,4,NA,49,52,5,81.34,1022,8,NE,11,NA,NA,bbbb
52131,2015,12,13,2,4,53,53,51,5,81.34,1022,8,NW,2,NA,NA,bbbb
52132,2015,12,13,3,4,48,51,52,6,93.35,1022,7,NW,4,0,0,bbbb
52133,2015,12,13,4,4,42,45,51,6,87.19,1021,8,NE,2,NA,NA,bbbb
52134,2015,12,13,5,4,44,43,42,7,93.4,1021,8,NW,4,0,0,bbbb
52135,2015,12,13,6,4,48,46,43,7,93.4,1022,8,NW,6,0,0,bbbb
52136,2015,12,13,7,4,49,44,53,7,93.4,1023,8,NE,3,0,0,bbbb
52137,2015,12,13,8,4,48,51,47,7,87.28,1023,9,NE,6,0.1,0.1,bbbb
52138,2015,12,13,9,4,53,43,46,8,93.45,1023,9,NE,9,0,0,bbbb
52139,2015,12,13,10,4,58,60,53,8,87.38,1023,10,NE,12,0,0,bbbb
52140,2015,12,13,11,4,61,61,60,7,81.61,1023,10,NE,15,0,0,bbbb
52141,2015,12,13,12,4,66,61,64,6,76.18,1022,10,NE,18,0,0,bbbb
52142,2015,12,13,13,4,63,61,64,6,76.18,1022,10,NE,20,0.2,0.2,bbbb
52143,2015,12,13,14,4,64,67,64,6,81.48,1021,9,NE,24,0,0,bbbb
52144,2015,12,13,15,4,77,74,69,7,87.28,1022,9,NW,3,0.8,0.8,bbbb
52145,2015,12,13,16,4,82,83,77,6,81.48,1022,9,NW,6,0.3,1.1,bbbb
52146,2015,12,13,17,4,93,79,91,7,87.28,1022,9,NW,9,0.1,1.2,bbbb
52147,2015,12,13,18,4,84,80,91,6,87.19,1022,8,NW,13,0,0,bbbb
52148,2015,12,13,19,4,83,78,83,6,87.19,1023,8,NW,17,0,0,bbbb
52149,2015,12,13,20,4,75,71,72,6,87.19,1024,8,NW,20,NA,NA,bbbb
52150,2015,12,13,21,4,73,72,73,7,93.4,1024,8,NW,23,0,0,bbbb
52151,2015,12,13,22,4,87,92,96,6,87.19,1024,8,NW,27,0,0,bbbb
52152,2015,12,13,23,4,91,81,104,6,87.19,1024,8,NW,31,0.1,0.1,bbbb
52153,2015,12,14,0,4,91,91,100,5,81.34,1023,8,NW,34,NA,NA,bbbb
52154,2015,12,14,1,4,103,96,101,5,81.34,1023,8,NW,37,NA,NA,bbbb
52155,2015,12,14,2,4,106,97,96,5,81.34,1023,8,NW,41,0,0,bbbb
52156,2015,12,14,3,4,104,98,100,5,81.34,1023,8,NW,45,0,0,bbbb
52157,2015,12,14,4,4,106,107,103,4,75.84,1023,8,NW,49,0,0,bbbb
52158,2015,12,14,5,4,108,106,107,4,75.84,1022,8,NW,53,NA,NA,bbbb
52159,2015,12,14,6,4,114,118,115,4,81.2,1023,7,NW,57,0,0,bbbb
52160,2015,12,14,7,4,123,121,122,4,81.2,1023,7,NW,62,0,0,bbbb
52161,2015,12,14,8,4,125,124,141,3,70.67,1024,8,NW,67,0,0,bbbb
52162,2015,12,14,9,4,127,115,137,3,70.67,1024,8,NW,71,0,0,bbbb
52163,2015,12,14,10,4,120,109,128,2,61.51,1023,9,NW,76,0,0,bbbb
52164,2015,12,14,11,4,111,101,121,0,49.8,1024,10,NW,81,0,0,bbbb
52165,2015,12,14,12,4,115,117,112,-1,46.29,1022,10,NW,88,0,0,bbbb
52166,2015,12,14,13,4,139,140,127,-1,46.29,1022,10,NW,95,0,0,bbbb
52167,2015,12,14,14,4,175,NA,160,0,49.8,1022,10,NW,102,0,0,bbbb
52168,2015,12,14,15,4,192,NA,184,1,53.53,1022,10,NW,107,0,0,bbbb
52169,2015,12,14,16,4,196,187,174,0,53.26,1022,9,NW,113,0,0,bbbb
52170,2015,12,14,17,4,193,195,188,1,57.25,1023,9,NW,117,0,0,bbbb
52171,2015,12,14,18,4,202,203,199,2,65.82,1024,8,NW,120,0,0,bbbb
52172,2015,12,14,19,4,202,204,198,3,70.67,1024,8,NW,124,NA,NA,bbbb
52173,2015,12,14,20,4,205,210,208,3,70.67,1025,8,NW,127,0,0,bbbb
52174,2015,12,14,21,4,218,228,224,4,75.84,1024,8,NW,131,0,0,bbbb
52175,2015,12,14,22,4,223,225,228,4,75.84,1025,8,NW,134,0,0,bbbb
52176,2015,12,14,23,4,229,233,238,4,75.84,1025,8,NW,137,0,0,bbbb
52177,2015,12,15,0,4,242,251,250,3,70.67,1025,8,NW,141,0,0,bbbb
52178,2015,12,15,1,4,262,267,274,2,65.82,1024,8,NW,146,0,0,bbbb
52179,2015,12,15,2,4,267,262,273,1,65.59,1024,7,NW,150,0,0,bbbb
52180,2015,12,15,3,4,262,266,262,1,70.27,1024,6,NW,155,0,0,bbbb
52181,2015,12,15,4,4,264,267,262,1,65.59,1024,7,NW,161,0,0,bbbb
52182,2015,12,15,5,4,267,272,268,1,70.27,1024,6,NW,167,0,0,bbbb
52183,2015,12,15,6,4,270,281,275,1,70.27,1024,6,NW,172,0,0,bbbb
52184,2015,12,15,7,4,269,269,276,1,70.27,1025,6,NW,176,0,0,bbbb
52185,2015,12,15,8,4,261,251,271,0,61.01,1025,7,NW,181,0,0,bbbb
52186,2015,12,15,9,4,247,238,266,1,61.26,1026,8,NW,184,0,0,bbbb
52187,2015,12,15,10,4,236,224,243,1,61.26,1026,8,NW,188,0,0,bbbb
52188,2015,12,15,11,4,202,188,214,-1,49.51,1026,9,NW,194,0,0,bbbb
52189,2015,12,15,12,4,189,195,194,-1,46.29,1025,10,NW,200,0,0,bbbb
52190,2015,12,15,13,4,198,193,203,-1,46.29,1024,10,NW,206,0,0,bbbb
52191,2015,12,15,14,4,202,186,198,0,49.8,1024,10,NW,212,0,0,bbbb
52192,2015,12,15,15,4,176,157,181,-1,46.29,1024,10,NW,216,0,0,bbbb
52193,2015,12,15,16,4,180,176,165,-1,46.29,1024,10,NW,221,0,0,bbbb
52194,2015,12,15,17,4,191,192,184,-1,49.51,1025,9,NW,225,0,0,bbbb
52195,2015,12,15,18,4,189,180,194,0,56.99,1025,8,NW,228,0,0,bbbb
52196,2015,12,15,19,4,189,198,211,0,56.99,1026,8,NW,231,0,0,bbbb
52197,2015,12,15,20,4,200,202,225,0,56.99,1026,8,NW,234,NA,NA,bbbb
52198,2015,12,15,21,4,200,192,226,1,65.59,1026,7,NW,237,0,0,bbbb
52199,2015,12,15,22,4,201,194,216,0,61.01,1026,7,NW,240,0,0,bbbb
52200,2015,12,15,23,4,201,202,215,1,65.59,1027,7,SW,3,NA,NA,bbbb
52201,2015,12,16,0,4,214,210,NA,1,65.59,1027,7,NW,3,NA,NA,bbbb
52202,2015,12,16,1,4,211,198,227,1,65.59,1027,7,NW,7,0,0,bbbb
52203,2015,12,16,2,4,169,140,194,-1,56.72,1027,7,NW,12,0,0,bbbb
52204,2015,12,16,3,4,133,116,132,-4,48.63,1027,6,NW,18,0,0,bbbb
52205,2015,12,16,4,4,97,82,96,-4,52.13,1028,5,NW,23,0,0,bbbb
52206,2015,12,16,5,4,72,73,81,-4,55.91,1028,4,NW,27,0,0,bbbb
52207,2015,12,16,6,4,62,62,60,-5,51.84,1028,4,NW,33,0,0,bbbb
52208,2015,12,16,7,4,62,75,71,-5,51.84,1028,4,NW,38,0,0,bbbb
52209,2015,12,16,8,4,68,73,74,-4,55.91,1029,4,NW,45,0,0,bbbb
52210,2015,12,16,9,4,64,67,71,-3,56.18,1029,5,NW,51,0,0,bbbb
52211,2015,12,16,10,4,56,38,51,-6,39.01,1030,7,NW,58,0,0,bbbb
52212,2015,12,16,11,4,34,24,31,-11,26.39,1029,7,NW,66,0,0,bbbb
52213,2015,12,16,12,4,24,28,22,-12,22.75,1029,8,NW,75,0,0,bbbb
52214,2015,12,16,13,4,NA,33,25,-12,24.36,1028,7,NW,84,0,0,bbbb
52215,2015,12,16,14,4,25,34,21,-13,22.46,1028,7,NW,93,0,0,bbbb
52216,2015,12,16,15,4,26,36,26,-11,26.39,1029,7,NW,100,0,0,bbbb
52217,2015,12,16,16,4,33,38,36,-10,30.61,1029,6,NW,108,0,0,bbbb
52218,2015,12,16,17,4,NA,39,32,-11,30.31,1030,5,NW,115,0,0,bbbb
52219,2015,12,16,18,4,31,44,35,-10,35.19,1031,4,NW,121,0,0,bbbb
52220,2015,12,16,19,4,39,57,38,-9,38.08,1031,4,NW,125,0,0,bbbb
52221,2015,12,16,20,4,46,52,44,-8,44.19,1032,3,NW,129,0,0,bbbb
52222,2015,12,16,21,4,46,50,51,-8,44.19,1032,3,NW,135,0,0,bbbb
52223,2015,12,16,22,4,39,47,50,-9,40.86,1032,3,NW,140,0,0,bbbb
52224,2015,12,16,23,4,38,38,49,-8,47.44,1032,2,NW,145,0,0,bbbb
52225,2015,12,17,0,4,34,37,45,-8,47.44,1032,2,NW,150,0,0,bbbb
52226,2015,12,17,1,4,30,41,41,-9,43.88,1032,2,NW,155,0,0,bbbb
52227,2015,12,17,2,4,37,42,39,-10,43.57,1033,1,NW,161,0,0,bbbb
52228,2015,12,17,3,4,36,46,36,-10,43.57,1033,1,NW,168,0,0,bbbb
52229,2015,12,17,4,4,32,42,38,-10,43.57,1033,1,NW,173,0,0,bbbb
52230,2015,12,17,5,4,34,48,78,-10,43.57,1033,1,NW,179,0,0,bbbb
52231,2015,12,17,6,4,36,44,108,-9,47.14,1034,1,NW,184,0,0,bbbb
52232,2015,12,17,7,4,37,49,105,-9,50.68,1034,0,NW,189,0,0,bbbb
52233,2015,12,17,8,4,42,56,104,-9,47.14,1035,1,NW,194,0,0,bbbb
52234,2015,12,17,9,4,46,51,NA,-9,40.86,1035,3,NW,201,0,0,bbbb
52235,2015,12,17,10,4,42,42,NA,-10,35.19,1035,4,NW,210,0,0,bbbb
52236,2015,12,17,11,4,33,28,33,-11,32.5,1035,4,NW,218,0,0,bbbb
52237,2015,12,17,12,4,28,32,28,-11,30.31,1034,5,NW,225,0,0,bbbb
52238,2015,12,17,13,4,26,40,30,-12,27.97,1034,5,NW,231,0,0,bbbb
52239,2015,12,17,14,4,31,46,24,-14,23.77,1033,5,NW,238,0,0,bbbb
52240,2015,12,17,15,4,37,48,32,-12,27.97,1033,5,NW,244,0,0,bbbb
52241,2015,12,17,16,4,36,49,36,-12,30,1033,4,NW,250,0,0,bbbb
52242,2015,12,17,17,4,38,50,36,-12,30,1033,4,NW,255,0,0,bbbb
52243,2015,12,17,18,4,41,52,39,-11,34.88,1034,3,NW,259,0,0,bbbb
52244,2015,12,17,19,4,44,57,45,-10,37.77,1034,3,NW,263,0,0,bbbb
52245,2015,12,17,20,4,49,56,48,-10,40.55,1035,2,NW,267,0,0,bbbb
52246,2015,12,17,21,4,54,55,55,-10,40.55,1035,2,NW,271,0,0,bbbb
52247,2015,12,17,22,4,53,38,57,-9,47.14,1035,1,NE,3,0,0,bbbb
52248,2015,12,17,23,4,39,41,43,-8,54.8,1034,0,NE,6,0,0,bbbb
52249,2015,12,18,0,4,38,32,33,-7,55.08,1035,1,NW,1,NA,NA,bbbb
52250,2015,12,18,1,4,46,47,43,-7,55.08,1034,1,NW,2,NA,NA,bbbb
52251,2015,12,18,2,4,47,48,51,-7,59.21,1034,0,NW,5,NA,NA,bbbb
52252,2015,12,18,3,4,47,56,62,-6,68.78,1034,-1,NW,6,NA,NA,bbbb
52253,2015,12,18,4,4,49,59,65,-6,68.78,1034,-1,NW,9,NA,NA,bbbb
52254,2015,12,18,5,4,52,53,62,-7,59.21,1034,0,NW,11,NA,NA,bbbb
52255,2015,12,18,6,4,52,57,59,-6,68.78,1034,-1,NE,2,NA,NA,bbbb
52256,2015,12,18,7,4,51,57,60,-6,68.78,1035,-1,NE,5,NA,NA,bbbb
52257,2015,12,18,8,4,49,52,51,-6,59.48,1036,1,NE,7,NA,NA,bbbb
52258,2015,12,18,9,4,45,44,40,-10,35.19,1036,4,NW,3,NA,NA,bbbb
52259,2015,12,18,10,4,40,42,34,-10,30.61,1036,6,NW,7,NA,NA,bbbb
52260,2015,12,18,11,4,44,47,38,-9,30.92,1036,7,NW,10,NA,NA,bbbb
52261,2015,12,18,12,4,47,49,49,-7,33.74,1034,8,NW,12,NA,NA,bbbb
52262,2015,12,18,13,4,50,51,48,-6,31.84,1033,10,cv,1,NA,NA,bbbb
52263,2015,12,18,14,4,48,58,44,-5,34.36,1032,10,cv,2,NA,NA,bbbb
52264,2015,12,18,15,4,50,58,47,-4,37.05,1032,10,SE,1,NA,NA,bbbb
52265,2015,12,18,16,4,56,54,45,-4,39.63,1033,9,SE,3,NA,NA,bbbb
52266,2015,12,18,17,4,58,58,53,-4,45.4,1033,7,NW,3,NA,NA,bbbb
52267,2015,12,18,18,4,51,58,53,-3,56.18,1034,5,NE,4,NA,NA,bbbb
52268,2015,12,18,19,4,47,48,45,0,61.01,1034,7,SE,3,NA,NA,bbbb
52269,2015,12,18,20,4,42,47,46,0,65.36,1034,6,NE,3,NA,NA,bbbb
52270,2015,12,18,21,4,42,53,47,0,65.36,1035,6,NE,6,NA,NA,bbbb
52271,2015,12,18,22,4,44,55,41,1,70.27,1035,6,NE,8,NA,NA,bbbb
52272,2015,12,18,23,4,45,50,45,1,75.32,1035,5,NE,10,NA,NA,bbbb
52273,2015,12,19,0,4,NA,48,46,0,75.14,1035,4,NE,12,NA,NA,bbbb
52274,2015,12,19,1,4,43,45,42,0,75.14,1034,4,NE,13,NA,NA,bbbb
52275,2015,12,19,2,4,41,47,42,0,86.58,1034,2,NE,15,NA,NA,bbbb
52276,2015,12,19,3,4,41,43,44,0,86.58,1034,2,NE,17,NA,NA,bbbb
52277,2015,12,19,4,4,39,44,38,0,86.58,1033,2,NE,19,NA,NA,bbbb
52278,2015,12,19,5,4,36,44,37,0,86.58,1034,2,NE,21,NA,NA,bbbb
52279,2015,12,19,6,4,34,43,34,1,93.08,1033,2,NE,23,NA,NA,bbbb
52280,2015,12,19,7,4,36,41,38,1,80.78,1034,4,NE,25,NA,NA,bbbb
52281,2015,12,19,8,4,35,37,31,3,81.06,1034,6,NE,27,NA,NA,bbbb
52282,2015,12,19,9,4,31,41,35,1,57.25,1035,9,NE,31,NA,NA,bbbb
52283,2015,12,19,10,4,29,31,32,1,53.53,1035,10,NE,35,NA,NA,bbbb
52284,2015,12,19,11,4,29,26,24,1,50.08,1035,11,SE,4,NA,NA,bbbb
52285,2015,12,19,12,4,25,30,24,1,50.08,1033,11,NE,4,NA,NA,bbbb
52286,2015,12,19,13,4,26,32,28,2,53.81,1032,11,NE,8,NA,NA,bbbb
52287,2015,12,19,14,4,27,28,27,2,53.81,1031,11,SE,4,NA,NA,bbbb
52288,2015,12,19,15,4,25,30,29,3,57.77,1032,11,NE,4,NA,NA,bbbb
52289,2015,12,19,16,4,28,33,32,2,57.51,1031,10,NE,9,NA,NA,bbbb
52290,2015,12,19,17,4,30,38,32,2,57.51,1032,10,NE,12,NA,NA,bbbb
52291,2015,12,19,18,4,34,42,35,3,61.76,1031,10,NE,17,NA,NA,bbbb
52292,2015,12,19,19,4,32,43,33,3,61.76,1031,10,NE,20,NA,NA,bbbb
52293,2015,12,19,20,4,36,37,37,3,61.76,1031,10,NE,23,NA,NA,bbbb
52294,2015,12,19,21,4,32,28,39,3,61.76,1030,10,NE,27,NA,NA,bbbb
52295,2015,12,19,22,4,27,36,29,3,57.77,1031,11,NE,30,NA,NA,bbbb
52296,2015,12,19,23,4,24,33,24,4,62,1031,11,NE,33,NA,NA,bbbb
52297,2015,12,20,0,4,24,29,28,5,71.07,1030,10,SE,3,NA,NA,bbbb
52298,2015,12,20,1,4,27,32,30,6,76.18,1030,10,NE,3,NA,NA,bbbb
52299,2015,12,20,2,4,28,28,25,7,81.61,1029,10,NE,5,NA,NA,bbbb
52300,2015,12,20,3,4,29,31,28,7,81.61,1029,10,NE,7,NA,NA,bbbb
52301,2015,12,20,4,4,30,30,30,7,81.61,1028,10,NE,11,NA,NA,bbbb
52302,2015,12,20,5,4,28,30,29,7,81.61,1027,10,NE,13,NA,NA,bbbb
52303,2015,12,20,6,4,27,31,31,8,87.38,1028,10,NE,15,NA,NA,bbbb
52304,2015,12,20,7,4,30,34,30,8,87.38,1028,10,NE,17,NA,NA,bbbb
52305,2015,12,20,8,4,28,29,29,8,87.38,1028,10,NE,18,NA,NA,bbbb
52306,2015,12,20,9,4,29,37,31,9,93.5,1029,10,cv,1,NA,NA,bbbb
52307,2015,12,20,10,4,34,34,35,9,93.5,1028,10,cv,2,NA,NA,bbbb
52308,2015,12,20,11,4,40,37,36,10,93.55,1027,11,NE,2,NA,NA,bbbb
52309,2015,12,20,12,4,43,39,44,10,93.55,1026,11,cv,1,NA,NA,bbbb
52310,2015,12,20,13,4,40,41,46,10,93.55,1025,11,cv,2,NA,NA,bbbb
52311,2015,12,20,14,4,40,51,47,10,93.55,1024,11,NW,3,NA,NA,bbbb
52312,2015,12,20,15,4,56,54,51,10,100,1024,10,NW,5,NA,NA,bbbb
52313,2015,12,20,16,4,82,79,72,9,93.5,1025,10,NW,8,NA,NA,bbbb
52314,2015,12,20,17,4,71,61,70,9,93.5,1025,10,NW,10,NA,NA,bbbb
52315,2015,12,20,18,4,64,59,60,9,93.5,1025,10,NW,12,NA,NA,bbbb
52316,2015,12,20,19,4,69,72,67,9,93.5,1026,10,NW,15,NA,NA,bbbb
52317,2015,12,20,20,4,67,70,67,8,93.45,1026,9,NW,20,NA,NA,bbbb
52318,2015,12,20,21,4,89,103,94,7,93.4,1027,8,NW,26,NA,NA,bbbb
52319,2015,12,20,22,4,102,95,120,7,93.4,1027,8,NW,30,NA,NA,bbbb
52320,2015,12,20,23,4,96,95,113,7,93.4,1027,8,NW,35,NA,NA,bbbb
52321,2015,12,21,0,4,NA,93,100,6,93.35,1027,7,NW,40,NA,NA,bbbb
52322,2015,12,21,1,4,98,95,100,5,87.09,1027,7,NW,43,NA,NA,bbbb
52323,2015,12,21,2,4,102,111,111,5,93.29,1027,6,NW,46,NA,NA,bbbb
52324,2015,12,21,3,4,121,136,115,5,93.29,1027,6,NW,50,NA,NA,bbbb
52325,2015,12,21,4,4,141,158,133,5,93.29,1027,6,NW,53,NA,NA,bbbb
52326,2015,12,21,5,4,162,162,149,5,93.29,1027,6,NW,56,NA,NA,bbbb
52327,2015,12,21,6,4,164,162,149,4,86.99,1028,6,NW,59,NA,NA,bbbb
52328,2015,12,21,7,4,159,152,153,4,93.24,1028,5,NW,62,NA,NA,bbbb
52329,2015,12,21,8,4,159,160,158,4,86.99,1029,6,NW,66,NA,NA,bbbb
52330,2015,12,21,9,4,174,178,164,4,86.99,1030,6,NE,3,NA,NA,bbbb
52331,2015,12,21,10,4,181,187,175,4,81.2,1030,7,NW,2,NA,NA,bbbb
52332,2015,12,21,11,4,195,187,185,4,75.84,1029,8,NE,3,NA,NA,bbbb
52333,2015,12,21,12,4,192,183,201,4,70.88,1028,9,NE,6,NA,NA,bbbb
52334,2015,12,21,13,4,189,173,189,5,71.07,1027,10,NE,9,NA,NA,bbbb
52335,2015,12,21,14,4,165,146,185,4,66.27,1027,10,NE,12,NA,NA,bbbb
52336,2015,12,21,15,4,145,144,149,4,66.27,1027,10,NE,14,NA,NA,bbbb
52337,2015,12,21,16,4,142,139,147,4,70.88,1027,9,NE,17,NA,NA,bbbb
52338,2015,12,21,17,4,129,124,134,4,70.88,1028,9,NE,21,NA,NA,bbbb
52339,2015,12,21,18,4,116,118,123,4,70.88,1028,9,NE,24,NA,NA,bbbb
52340,2015,12,21,19,4,118,116,117,5,76.01,1027,9,SE,4,NA,NA,bbbb
52341,2015,12,21,20,4,100,104,115,5,76.01,1027,9,SE,6,NA,NA,bbbb
52342,2015,12,21,21,4,95,93,106,5,76.01,1028,9,NE,1,NA,NA,bbbb
52343,2015,12,21,22,4,94,99,98,5,81.34,1028,8,NE,2,NA,NA,bbbb
52344,2015,12,21,23,4,95,98,102,5,76.01,1027,9,NE,3,NA,NA,bbbb
52345,2015,12,22,0,4,94,94,104,5,81.34,1027,8,cv,1,0,0,bbbb
52346,2015,12,22,1,4,92,90,96,5,81.34,1027,8,cv,1,0,0,bbbb
52347,2015,12,22,2,4,89,87,92,6,81.48,1026,9,NE,3,NA,NA,bbbb
52348,2015,12,22,3,4,91,88,94,5,87.09,1026,7,NW,2,0,0,bbbb
52349,2015,12,22,4,4,97,103,99,6,93.35,1025,7,cv,0,0,0,bbbb
52350,2015,12,22,5,4,101,101,106,6,93.35,1025,7,cv,0,0,0,bbbb
52351,2015,12,22,6,4,83,77,105,7,93.4,1024,8,SE,3,NA,NA,bbbb
52352,2015,12,22,7,4,71,80,101,7,87.28,1025,9,SE,6,0,0,bbbb
52353,2015,12,22,8,4,73,76,90,9,93.5,1025,10,NW,2,0,0,bbbb
52354,2015,12,22,9,4,77,72,75,9,81.88,1025,12,NE,1,0,0,bbbb
52355,2015,12,22,10,4,67,68,74,10,76.84,1025,14,SE,4,0,0,bbbb
52356,2015,12,22,11,4,62,67,68,10,76.84,1025,14,SE,7,0,0,bbbb
52357,2015,12,22,12,4,65,64,62,11,77.01,1024,15,SE,10,0,0,bbbb
52358,2015,12,22,13,4,71,61,64,11,77.01,1022,15,SE,13,0,0,bbbb
52359,2015,12,22,14,4,73,69,77,12,77.17,1021,16,SE,16,0,0,bbbb
52360,2015,12,22,15,4,77,69,77,12,82.27,1021,15,SE,18,0,0,bbbb
52361,2015,12,22,16,4,77,74,78,12,82.27,1021,15,SE,20,NA,NA,bbbb
52362,2015,12,22,17,4,75,86,75,12,87.75,1021,14,SW,2,0,0,bbbb
52363,2015,12,22,18,4,104,95,82,11,82.14,1021,14,SW,4,0,0,bbbb
52364,2015,12,22,19,4,107,98,77,11,82.14,1022,14,NW,4,0.1,0.1,bbbb
52365,2015,12,22,20,4,115,107,127,12,93.65,1021,13,cv,1,0,0,bbbb
52366,2015,12,22,21,4,142,142,160,11,87.66,1021,13,cv,2,0,0,bbbb
52367,2015,12,22,22,4,156,135,157,11,87.66,1022,13,NW,3,0,0,bbbb
52368,2015,12,22,23,4,136,139,140,11,87.66,1022,13,NW,7,0,0,bbbb
52369,2015,12,23,0,4,127,126,140,10,87.57,1021,12,NW,12,0,0,bbbb
52370,2015,12,23,1,4,133,166,182,10,93.55,1021,11,NW,16,0,0,bbbb
52371,2015,12,23,2,4,225,284,251,10,93.55,1021,11,NW,21,0.1,0.1,bbbb
52372,2015,12,23,3,4,279,266,255,9,93.5,1021,10,NW,25,0,0,bbbb
52373,2015,12,23,4,4,242,229,241,9,93.5,1021,10,NW,30,0,0,bbbb
52374,2015,12,23,5,4,225,231,241,8,87.38,1021,10,NW,34,0,0,bbbb
52375,2015,12,23,6,4,241,237,252,7,87.28,1022,9,NW,37,0,0,bbbb
52376,2015,12,23,7,4,247,257,267,7,87.28,1023,9,NW,42,0,0,bbbb
52377,2015,12,23,8,4,249,242,272,7,87.28,1024,9,NW,48,0,0,bbbb
52378,2015,12,23,9,4,236,222,271,7,87.28,1024,9,NW,53,0,0,bbbb
52379,2015,12,23,10,4,236,234,248,7,87.28,1024,9,NW,57,0,0,bbbb
52380,2015,12,23,11,4,247,239,249,7,87.28,1023,9,NW,61,0,0,bbbb
52381,2015,12,23,12,4,231,176,245,7,81.61,1022,10,NW,65,0,0,bbbb
52382,2015,12,23,13,4,168,139,187,7,76.35,1022,11,NW,67,0,0,bbbb
52383,2015,12,23,14,4,151,154,148,7,76.35,1021,11,NW,71,0,0,bbbb
52384,2015,12,23,15,4,196,202,168,8,81.75,1021,11,NW,74,0,0,bbbb
52385,2015,12,23,16,4,220,215,206,8,81.75,1021,11,NE,4,0,0,bbbb
52386,2015,12,23,17,4,205,198,224,8,87.38,1021,10,NE,6,0,0,bbbb
52387,2015,12,23,18,4,203,183,203,8,87.38,1022,10,NE,10,0,0,bbbb
52388,2015,12,23,19,4,160,136,187,8,87.38,1022,10,NE,14,0,0,bbbb
52389,2015,12,23,20,4,125,NA,146,8,87.38,1022,10,NE,17,0,0,bbbb
52390,2015,12,23,21,4,99,106,111,9,93.5,1021,10,NE,20,0,0,bbbb
52391,2015,12,23,22,4,87,NA,96,9,93.5,1022,10,NE,23,0,0,bbbb
52392,2015,12,23,23,4,76,NA,70,9,87.47,1021,11,NE,25,0,0,bbbb
52393,2015,12,24,0,4,64,NA,53,9,87.47,1021,11,NE,27,0,0,bbbb
52394,2015,12,24,1,4,44,44,40,9,87.47,1021,11,NE,30,0,0,bbbb
52395,2015,12,24,2,4,44,NA,33,9,93.5,1021,10,NE,32,0,0,bbbb
52396,2015,12,24,3,4,34,36,25,9,93.5,1020,10,NE,34,0,0,bbbb
52397,2015,12,24,4,4,35,NA,28,9,93.5,1020,10,NE,37,0,0,bbbb
52398,2015,12,24,5,4,38,NA,33,8,87.38,1020,10,NE,41,0,0,bbbb
52399,2015,12,24,6,4,35,NA,34,8,87.38,1021,10,NE,44,0,0,bbbb
52400,2015,12,24,7,4,38,NA,32,8,87.38,1021,10,NE,49,0,0,bbbb
52401,2015,12,24,8,4,35,NA,30,8,81.75,1022,11,NE,52,0,0,bbbb
52402,2015,12,24,9,4,43,41,38,7,76.35,1022,11,NE,56,0,0,bbbb
52403,2015,12,24,10,4,52,NA,43,7,76.35,1023,11,NE,60,0,0,bbbb
52404,2015,12,24,11,4,55,62,51,8,81.75,1022,11,NE,65,0,0,bbbb
52405,2015,12,24,12,4,62,66,64,8,87.38,1022,10,NE,70,0.1,0.1,bbbb
52406,2015,12,24,13,4,59,NA,61,9,93.5,1022,10,NE,75,0,0,bbbb
52407,2015,12,24,14,4,57,NA,56,8,87.38,1022,10,NE,80,0,0,bbbb
52408,2015,12,24,15,4,63,NA,53,8,87.38,1022,10,NE,85,0,0,bbbb
52409,2015,12,24,16,4,64,NA,61,8,87.38,1022,10,NE,89,NA,NA,bbbb
52410,2015,12,24,17,4,64,NA,58,8,93.45,1023,9,NE,94,0.4,0.4,bbbb
52411,2015,12,24,18,4,59,NA,61,8,93.45,1024,9,NE,99,0.9,1.3,bbbb
52412,2015,12,24,19,4,68,NA,66,8,93.45,1024,9,NE,103,0.5,1.8,bbbb
52413,2015,12,24,20,4,82,85,76,8,93.45,1025,9,NE,107,0.7,2.5,bbbb
52414,2015,12,24,21,4,90,NA,91,8,93.45,1025,9,NE,111,0.7,3.2,bbbb
52415,2015,12,24,22,4,91,NA,96,7,87.28,1025,9,NW,4,0.2,3.4,bbbb
52416,2015,12,24,23,4,114,138,117,7,93.4,1026,8,NW,8,0.1,3.5,bbbb
52417,2015,12,25,0,4,145,161,138,7,93.4,1026,8,NW,12,0,0,bbbb
52418,2015,12,25,1,4,174,188,171,7,93.4,1026,8,NW,16,0,0,bbbb
52419,2015,12,25,2,4,202,210,199,7,93.4,1026,8,NW,20,0,0,bbbb
52420,2015,12,25,3,4,221,225,222,7,93.4,1026,8,NW,24,0,0,bbbb
52421,2015,12,25,4,4,230,222,236,6,87.19,1025,8,NW,28,0,0,bbbb
52422,2015,12,25,5,4,203,184,208,6,93.35,1025,7,NE,4,0,0,bbbb
52423,2015,12,25,6,4,170,158,175,5,87.09,1025,7,NE,7,0,0,bbbb
52424,2015,12,25,7,4,166,181,153,5,93.29,1026,6,NE,10,0,0,bbbb
52425,2015,12,25,8,4,199,211,184,4,86.99,1027,6,NW,4,0,0,bbbb
52426,2015,12,25,9,4,221,228,234,4,81.2,1027,7,NW,8,0,0,bbbb
52427,2015,12,25,10,4,244,228,248,4,75.84,1027,8,NW,11,0,0,bbbb
52428,2015,12,25,11,4,201,NA,198,2,61.51,1026,9,NW,15,0,0,bbbb
52429,2015,12,25,12,4,159,153,167,2,57.51,1025,10,NW,19,0,0,bbbb
52430,2015,12,25,13,4,152,151,171,2,57.51,1024,10,NW,24,0,0,bbbb
52431,2015,12,25,14,4,145,158,146,3,61.76,1023,10,NW,28,0,0,bbbb
52432,2015,12,25,15,4,160,145,146,3,61.76,1023,10,NW,32,0,0,bbbb
52433,2015,12,25,16,4,140,148,127,3,61.76,1023,10,NW,36,0,0,bbbb
52434,2015,12,25,17,4,151,147,145,3,66.05,1024,9,SW,3,NA,NA,bbbb
52435,2015,12,25,18,4,153,150,152,4,75.84,1024,8,SW,6,0,0,bbbb
52436,2015,12,25,19,4,147,141,155,4,75.84,1024,8,SW,8,NA,NA,bbbb
52437,2015,12,25,20,4,144,142,162,4,81.2,1024,7,NW,2,NA,NA,bbbb
52438,2015,12,25,21,4,154,154,169,4,86.99,1024,6,SW,2,NA,NA,bbbb
52439,2015,12,25,22,4,164,166,175,4,86.99,1024,6,SW,4,NA,NA,bbbb
52440,2015,12,25,23,4,178,177,182,4,86.99,1024,6,SW,6,NA,NA,bbbb
52441,2015,12,26,0,4,187,187,192,4,93.24,1024,5,SW,8,NA,NA,bbbb
52442,2015,12,26,1,4,194,NA,204,3,93.19,1024,4,SW,9,NA,NA,bbbb
52443,2015,12,26,2,4,192,NA,189,3,93.19,1024,4,SW,11,NA,NA,bbbb
52444,2015,12,26,3,4,160,NA,166,3,93.19,1023,4,SW,13,NA,NA,bbbb
52445,2015,12,26,4,4,145,144,150,4,93.24,1023,5,cv,0,NA,NA,bbbb
52446,2015,12,26,5,4,150,142,147,2,100,1023,2,SE,1,NA,NA,bbbb
52447,2015,12,26,6,4,157,NA,138,3,100,1023,3,SW,2,0,0,bbbb
52448,2015,12,26,7,4,136,100,99,4,100,1023,4,SW,4,0,0,bbbb
52449,2015,12,26,8,4,92,81,70,5,100,1024,5,SW,8,NA,NA,bbbb
52450,2015,12,26,9,4,81,85,67,6,100,1025,6,SW,11,0,0,bbbb
52451,2015,12,26,10,4,87,70,74,7,100,1025,7,SW,13,0,0,bbbb
52452,2015,12,26,11,4,80,64,68,6,81.48,1024,9,SW,16,0,0,bbbb
52453,2015,12,26,12,4,69,59,57,6,66.71,1023,12,SW,20,0,0,bbbb
52454,2015,12,26,13,4,58,55,51,4,54.35,1022,13,SW,25,0,0,bbbb
52455,2015,12,26,14,4,53,51,52,3,50.65,1022,13,SW,29,0,0,bbbb
52456,2015,12,26,15,4,52,60,54,2,44.2,1021,14,SW,32,0,0,bbbb
52457,2015,12,26,16,4,57,63,57,3,50.65,1022,13,SW,35,0,0,bbbb
52458,2015,12,26,17,4,60,57,59,3,54.08,1022,12,SW,37,0,0,bbbb
52459,2015,12,26,18,4,68,77,72,3,66.05,1023,9,SW,39,0,0,bbbb
52460,2015,12,26,19,4,73,65,74,3,66.05,1023,9,SE,3,NA,NA,bbbb
52461,2015,12,26,20,4,57,73,73,1,65.59,1023,7,SW,3,NA,NA,bbbb
52462,2015,12,26,21,4,57,67,79,1,65.59,1023,7,SE,1,NA,NA,bbbb
52463,2015,12,26,22,4,58,68,78,1,61.26,1024,8,SE,2,NA,NA,bbbb
52464,2015,12,26,23,4,60,75,76,3,75.67,1024,7,SE,5,NA,NA,bbbb
52465,2015,12,27,0,4,65,78,78,3,70.67,1024,8,cv,0,NA,NA,bbbb
52466,2015,12,27,1,4,66,71,75,3,75.67,1024,7,cv,0,NA,NA,bbbb
52467,2015,12,27,2,4,74,76,78,3,75.67,1024,7,cv,0,NA,NA,bbbb
52468,2015,12,27,3,4,75,77,82,4,81.2,1024,7,cv,0,NA,NA,bbbb
52469,2015,12,27,4,4,75,75,79,4,81.2,1025,7,NW,1,NA,NA,bbbb
52470,2015,12,27,5,4,77,79,78,4,81.2,1025,7,NE,2,NA,NA,bbbb
52471,2015,12,27,6,4,84,88,81,5,87.09,1026,7,NW,3,0,0,bbbb
52472,2015,12,27,7,4,97,96,92,4,81.2,1027,7,NE,2,NA,NA,bbbb
52473,2015,12,27,8,4,104,105,103,4,70.88,1027,9,NE,4,0,0,bbbb
52474,2015,12,27,9,4,114,128,120,5,71.07,1028,10,NE,6,0,0,bbbb
52475,2015,12,27,10,4,137,135,141,5,66.49,1029,11,NE,10,0,0,bbbb
52476,2015,12,27,11,4,107,71,124,7,71.47,1030,12,NE,16,0,0,bbbb
52477,2015,12,27,12,4,58,55,70,7,71.47,1029,12,NE,22,0,0,bbbb
52478,2015,12,27,13,4,49,48,55,6,76.18,1029,10,NE,28,0,0,bbbb
52479,2015,12,27,14,4,39,38,46,5,71.07,1030,10,NE,35,0,0,bbbb
52480,2015,12,27,15,4,33,43,39,5,76.01,1030,9,NE,42,0,0,bbbb
52481,2015,12,27,16,4,35,45,40,4,70.88,1031,9,NE,49,0,0,bbbb
52482,2015,12,27,17,4,37,49,39,4,75.84,1032,8,NE,56,0,0,bbbb
52483,2015,12,27,18,4,41,49,44,3,70.67,1033,8,NE,63,0,0,bbbb
52484,2015,12,27,19,4,42,49,43,3,70.67,1034,8,NE,70,0,0,bbbb
52485,2015,12,27,20,4,41,42,42,2,70.47,1034,7,NE,76,0,0,bbbb
52486,2015,12,27,21,4,33,35,38,2,70.47,1034,7,NE,82,0,0,bbbb
52487,2015,12,27,22,4,26,26,31,1,65.59,1035,7,NE,89,0,0,bbbb
52488,2015,12,27,23,4,23,27,24,1,70.27,1035,6,NE,95,0,0,bbbb
52489,2015,12,28,0,4,21,25,22,1,70.27,1035,6,NE,101,0,0,bbbb
52490,2015,12,28,1,4,20,27,21,0,75.14,1035,4,NE,104,0,0,bbbb
52491,2015,12,28,2,4,22,25,25,0,75.14,1035,4,NE,107,0,0,bbbb
52492,2015,12,28,3,4,21,28,24,0,80.63,1035,3,NE,110,0,0,bbbb
52493,2015,12,28,4,4,21,26,24,1,80.78,1035,4,NW,4,0,0,bbbb
52494,2015,12,28,5,4,26,24,26,1,80.78,1036,4,NE,4,0,0,bbbb
52495,2015,12,28,6,4,23,21,27,0,80.63,1036,3,NE,8,0,0,bbbb
52496,2015,12,28,7,4,17,27,19,0,80.63,1036,3,NE,12,0,0,bbbb
52497,2015,12,28,8,4,17,24,16,0,75.14,1037,4,NE,16,0,0,bbbb
52498,2015,12,28,9,4,15,21,18,0,65.36,1037,6,NE,19,0,0,bbbb
52499,2015,12,28,10,4,20,27,21,-2,56.45,1038,6,NE,24,0,0,bbbb
52500,2015,12,28,11,4,27,40,28,-2,52.7,1037,7,NW,6,0,0,bbbb
52501,2015,12,28,12,4,37,45,40,-2,49.22,1036,8,NE,5,0,0,bbbb
52502,2015,12,28,13,4,39,46,42,-2,49.22,1035,8,NE,11,0,0,bbbb
52503,2015,12,28,14,4,47,54,42,-1,52.98,1035,8,NW,5,0,0,bbbb
52504,2015,12,28,15,4,51,63,49,-2,52.7,1035,7,NE,5,0,0,bbbb
52505,2015,12,28,16,4,55,62,58,-1,56.72,1035,7,NW,5,0,0,bbbb
52506,2015,12,28,17,4,56,61,59,-2,56.45,1036,6,NE,4,0,0,bbbb
52507,2015,12,28,18,4,54,57,55,-1,65.13,1036,5,NE,8,0,0,bbbb
52508,2015,12,28,19,4,50,56,57,-1,65.13,1037,5,NE,11,0,0,bbbb
52509,2015,12,28,20,4,51,57,56,-1,65.13,1037,5,NE,15,0,0,bbbb
52510,2015,12,28,21,4,52,55,55,-2,60.51,1037,5,NE,19,0,0,bbbb
52511,2015,12,28,22,4,48,54,55,-2,64.9,1037,4,NE,21,0,0,bbbb
52512,2015,12,28,23,4,47,54,51,-2,69.64,1037,3,NE,22,0,0,bbbb
52513,2015,12,29,0,4,54,60,53,-1,69.85,1036,4,NW,1,0,0,bbbb
52514,2015,12,29,1,4,58,65,61,-1,74.96,1036,3,NW,3,0,0,bbbb
52515,2015,12,29,2,4,62,68,64,-1,74.96,1036,3,NW,4,0,0,bbbb
52516,2015,12,29,3,4,62,72,69,-1,74.96,1035,3,NE,2,0,0,bbbb
52517,2015,12,29,4,4,66,70,68,-1,74.96,1035,3,NE,3,0,0,bbbb
52518,2015,12,29,5,4,68,71,72,-1,80.49,1035,2,NE,5,0,0,bbbb
52519,2015,12,29,6,4,67,72,70,0,80.63,1035,3,NE,7,0,0,bbbb
52520,2015,12,29,7,4,64,71,68,-1,74.96,1034,3,NE,9,0,0,bbbb
52521,2015,12,29,8,4,60,73,68,1,80.78,1035,4,NW,2,0,0,bbbb
52522,2015,12,29,9,4,63,67,68,1,70.27,1036,6,NE,2,0,0,bbbb
52523,2015,12,29,10,4,62,70,66,0,56.99,1036,8,NE,3,0,0,bbbb
52524,2015,12,29,11,4,63,57,55,-1,46.29,1034,10,SE,2,0,0,bbbb
52525,2015,12,29,12,4,57,59,62,0,49.8,1033,10,SW,2,0,0,bbbb
52526,2015,12,29,13,4,56,63,55,0,46.58,1032,11,SW,4,0,0,bbbb
52527,2015,12,29,14,4,NA,55,52,0,46.58,1031,11,SE,2,0,0,bbbb
52528,2015,12,29,15,4,32,66,58,0,49.8,1031,10,SE,5,0,0,bbbb
52529,2015,12,29,16,4,59,58,65,0,49.8,1030,10,SE,8,0,0,bbbb
52530,2015,12,29,17,4,49,47,56,1,57.25,1031,9,SE,11,0,0,bbbb
52531,2015,12,29,18,4,42,45,46,1,61.26,1031,8,NE,4,0,0,bbbb
52532,2015,12,29,19,4,37,44,47,1,61.26,1031,8,SE,4,0,0,bbbb
52533,2015,12,29,20,4,36,39,48,2,70.47,1031,7,SE,7,0,0,bbbb
52534,2015,12,29,21,4,32,36,47,2,70.47,1031,7,SE,10,0,0,bbbb
52535,2015,12,29,22,4,34,38,45,2,70.47,1031,7,SE,12,NA,NA,bbbb
52536,2015,12,29,23,4,34,37,43,2,75.49,1031,6,cv,1,NA,NA,bbbb
52537,2015,12,30,0,4,33,37,41,2,70.47,1030,7,cv,1,NA,NA,bbbb
52538,2015,12,30,1,4,32,36,36,2,70.47,1030,7,cv,1,NA,NA,bbbb
52539,2015,12,30,2,4,32,35,39,2,75.49,1030,6,NE,1,NA,NA,bbbb
52540,2015,12,30,3,4,32,39,40,3,86.89,1030,5,cv,0,NA,NA,bbbb
52541,2015,12,30,4,4,31,36,38,2,80.92,1030,5,cv,0,NA,NA,bbbb
52542,2015,12,30,5,4,31,40,38,2,86.79,1029,4,NE,1,NA,NA,bbbb
52543,2015,12,30,6,4,41,41,39,1,86.68,1030,3,NE,3,NA,NA,bbbb
52544,2015,12,30,7,4,55,45,48,1,86.68,1030,3,cv,0,NA,NA,bbbb
52545,2015,12,30,8,4,68,54,65,4,86.99,1030,6,cv,0,NA,NA,bbbb
52546,2015,12,30,9,4,67,47,65,4,70.88,1031,9,cv,1,0,0,bbbb
52547,2015,12,30,10,4,58,70,60,5,71.07,1031,10,SW,2,0,0,bbbb
52548,2015,12,30,11,4,84,97,80,4,62,1030,11,NW,3,0,0,bbbb
52549,2015,12,30,12,4,99,99,89,4,58.03,1029,12,NW,6,0,0,bbbb
52550,2015,12,30,13,4,107,96,101,3,54.08,1028,12,NW,10,0,0,bbbb
52551,2015,12,30,14,4,108,105,104,2,50.36,1028,12,NW,13,0,0,bbbb
52552,2015,12,30,15,4,116,120,110,3,50.65,1028,13,NW,17,0,0,bbbb
52553,2015,12,30,16,4,128,124,123,3,54.08,1029,12,NW,21,0,0,bbbb
52554,2015,12,30,17,4,130,130,138,2,53.81,1029,11,NW,24,0,0,bbbb
52555,2015,12,30,18,4,139,141,144,2,57.51,1029,10,NW,28,NA,NA,bbbb
52556,2015,12,30,19,4,154,151,154,2,61.51,1030,9,NW,30,NA,NA,bbbb
52557,2015,12,30,20,4,168,168,174,3,66.05,1030,9,NW,33,0,0,bbbb
52558,2015,12,30,21,4,184,183,189,3,70.67,1031,8,NW,35,NA,NA,bbbb
52559,2015,12,30,22,4,186,171,184,3,70.67,1031,8,NW,37,NA,NA,bbbb
52560,2015,12,30,23,4,184,173,184,3,75.67,1032,7,SW,2,NA,NA,bbbb
52561,2015,12,31,0,4,183,181,181,3,75.67,1031,7,NW,3,0,0,bbbb
52562,2015,12,31,1,4,186,191,188,3,81.06,1032,6,NW,8,0,0,bbbb
52563,2015,12,31,2,4,200,207,203,3,81.06,1032,6,NW,12,0,0,bbbb
52564,2015,12,31,3,4,212,212,216,3,81.06,1032,6,NW,16,0,0,bbbb
52565,2015,12,31,4,4,207,204,211,3,81.06,1032,6,NE,5,0,0,bbbb
52566,2015,12,31,5,4,203,202,206,3,86.89,1033,5,NW,4,0,0,bbbb
52567,2015,12,31,6,4,200,199,200,2,86.79,1033,4,NW,8,0,0,bbbb
52568,2015,12,31,7,4,195,192,205,2,86.79,1034,4,NW,11,0,0,bbbb
52569,2015,12,31,8,4,196,189,214,3,86.89,1035,5,NW,15,0,0,bbbb
52570,2015,12,31,9,4,195,187,201,3,81.06,1036,6,NW,20,0,0,bbbb
52571,2015,12,31,10,4,184,160,177,2,65.82,1036,8,NW,23,0,0,bbbb
52572,2015,12,31,11,4,141,120,153,-1,49.51,1036,9,NE,6,0,0,bbbb
52573,2015,12,31,12,4,115,107,113,-2,43.01,1035,10,NE,12,0,0,bbbb
52574,2015,12,31,13,4,85,85,102,-3,39.93,1034,10,NW,4,0,0,bbbb
52575,2015,12,31,14,4,75,84,71,-4,37.05,1034,10,NE,4,0,0,bbbb
52576,2015,12,31,15,4,82,82,78,-2,43.01,1034,10,NW,5,0,0,bbbb
52577,2015,12,31,16,4,82,88,88,-2,46,1034,9,NE,5,0,0,bbbb
52578,2015,12,31,17,4,88,91,86,-2,52.7,1034,7,NE,9,0,0,bbbb
52579,2015,12,31,18,4,93,92,90,-2,60.51,1035,5,NE,12,0,0,bbbb
52580,2015,12,31,19,4,86,82,90,-1,65.13,1035,5,NE,15,0,0,bbbb
52581,2015,12,31,20,4,83,93,86,1,70.27,1035,6,NE,19,0,0,bbbb
52582,2015,12,31,21,4,85,90,95,1,70.27,1036,6,NE,22,0,0,bbbb
52583,2015,12,31,22,4,83,86,92,0,70.06,1035,5,NE,25,0,0,bbbb
52584,2015,12,31,23,4,NA,77,NA,0,70.06,1035,5,NE,27,0,0,bbbb
