,No,year,month,day,hour,season,PM_Jingan,PM_US Post,PM_Xuhui,DEWP,HUMI,TEMP,cbwd,Iws,precipitation,Iprec,aaaa
0,51685,2015,11,24,12,3,26.0,31.0,24.0,10,72.04,15,NE,127,0.0,0.0,bbbb
1,51686,2015,11,24,13,3,24.0,30.0,25.0,10,72.04,15,NE,133,0.0,0.0,bbbb
2,51687,2015,11,24,14,3,27.0,31.0,22.0,10,76.84,14,NE,139,0.0,0.0,bbbb
3,51688,2015,11,24,15,3,22.0,28.0,21.0,10,76.84,14,NE,144,0.0,0.0,bbbb
4,51689,2015,11,24,16,3,27.0,31.0,22.0,10,76.84,14,NE,149,0.0,0.0,bbbb
5,51690,2015,11,24,17,3,23.0,31.0,24.0,11,87.66,13,NE,154,0.0,0.0,bbbb
6,51691,2015,11,24,18,3,31.0,28.0,25.0,10,82.01,13,NE,158,0.0,0.0,bbbb
7,51692,2015,11,24,19,3,25.0,34.0,30.0,10,82.01,13,NE,161,0.0,0.0,bbbb
8,51693,2015,11,24,20,3,26.0,23.0,24.0,10,87.57,12,NE,166,0.1,0.1,bbbb
9,51694,2015,11,24,21,3,15.0,16.0,18.0,11,100.0,11,NE,172,0.1,0.2,bbbb
10,51695,2015,11,24,22,3,10.0,8.0,11.0,10,93.55,11,NE,178,1.0,1.2,bbbb
12,51697,2015,11,25,0,3,7.0,14.0,9.0,10,100.0,10,NE,190,2.6,5.5,bbbb
13,51698,2015,11,25,1,3,12.0,9.0,8.0,8,87.38,10,NW,8,1.7,7.2,bbbb
15,51700,2015,11,25,3,3,1.0,6.0,5.0,8,93.45,9,NW,7,0.4,7.9,bbbb
17,51702,2015,11,25,5,3,5.0,18.0,10.0,7,87.28,9,NW,19,0.0,0.0,bbbb
18,51703,2015,11,25,6,3,22.0,20.0,14.0,7,93.4,8,NW,26,0.0,0.0,bbbb
19,51704,2015,11,25,7,3,22.0,23.0,13.0,6,87.19,8,NW,33,0.0,0.0,bbbb
20,51705,2015,11,25,8,3,23.0,27.0,12.0,6,87.19,8,NW,39,0.0,0.0,bbbb
21,51706,2015,11,25,9,3,29.0,37.0,18.0,6,87.19,8,NW,46,0.0,0.0,bbbb
22,51707,2015,11,25,10,3,34.0,40.0,37.0,5,81.34,8,NW,54,0.0,0.0,bbbb
23,51708,2015,11,25,11,3,36.0,39.0,40.0,4,75.84,8,NW,61,0.0,0.0,bbbb
25,51710,2015,11,25,13,3,51.0,42.0,35.0,3,75.67,7,NW,77,0.0,0.0,bbbb
26,51711,2015,11,25,14,3,40.0,34.0,29.0,3,70.67,8,NW,83,0.0,0.0,bbbb
27,51712,2015,11,25,15,3,28.0,29.0,31.0,3,75.67,7,NW,90,0.0,0.0,bbbb
28,51713,2015,11,25,16,3,34.0,41.0,36.0,2,70.47,7,NW,96,0.0,0.0,bbbb
29,51714,2015,11,25,17,3,44.0,48.0,44.0,2,70.47,7,NW,103,0.0,0.0,bbbb
30,51715,2015,11,25,18,3,58.0,65.0,52.0,1,70.27,6,NW,110,0.0,0.0,bbbb
31,51716,2015,11,25,19,3,67.0,76.0,64.0,1,70.27,6,NW,117,0.0,0.0,bbbb
32,51717,2015,11,25,20,3,73.0,80.0,65.0,1,70.27,6,NW,124,0.0,0.0,bbbb
33,51718,2015,11,25,21,3,76.0,73.0,73.0,0,65.36,6,NW,132,0.0,0.0,bbbb
34,51719,2015,11,25,22,3,65.0,60.0,62.0,1,75.32,5,NW,138,0.0,0.0,bbbb
35,51720,2015,11,25,23,3,58.0,65.0,60.0,-1,65.13,5,NW,147,0.0,0.0,bbbb
37,51722,2015,11,26,1,3,60.0,64.0,63.0,-1,65.13,5,NW,164,0.0,0.0,bbbb
38,51723,2015,11,26,2,3,59.0,57.0,58.0,-1,69.85,4,NW,173,0.0,0.0,bbbb
39,51724,2015,11,26,3,3,60.0,67.0,60.0,-2,64.9,4,NW,183,0.0,0.0,bbbb
40,51725,2015,11,26,4,3,61.0,58.0,57.0,-3,64.66,3,NW,193,0.0,0.0,bbbb
41,51726,2015,11,26,5,3,51.0,55.0,58.0,-4,64.42,2,NW,201,0.0,0.0,bbbb
42,51727,2015,11,26,6,3,55.0,63.0,56.0,-4,64.42,2,NW,209,0.0,0.0,bbbb
43,51728,2015,11,26,7,3,56.0,65.0,57.0,-5,64.18,1,NW,217,0.0,0.0,bbbb
44,51729,2015,11,26,8,3,61.0,66.0,60.0,-4,64.42,2,NW,224,0.0,0.0,bbbb
45,51730,2015,11,26,9,3,60.0,68.0,64.0,-5,55.63,3,NW,232,0.0,0.0,bbbb
46,51731,2015,11,26,10,3,57.0,59.0,58.0,-5,55.63,3,NW,241,0.0,0.0,bbbb
47,51732,2015,11,26,11,3,57.0,69.0,60.0,-4,55.91,4,NW,249,0.0,0.0,bbbb
48,51733,2015,11,26,12,3,62.0,61.0,65.0,-5,51.84,4,NW,258,0.0,0.0,bbbb
49,51734,2015,11,26,13,3,60.0,62.0,63.0,-5,48.34,5,NW,266,0.0,0.0,bbbb
51,51736,2015,11,26,15,3,62.0,51.0,47.0,-8,41.17,4,NW,284,0.0,0.0,bbbb
52,51737,2015,11,26,16,3,42.0,47.0,45.0,-8,41.17,4,NW,292,0.0,0.0,bbbb
53,51738,2015,11,26,17,3,38.0,48.0,45.0,-9,40.86,3,NW,300,0.0,0.0,bbbb
54,51739,2015,11,26,18,3,37.0,41.0,45.0,-8,44.19,3,NW,308,0.0,0.0,bbbb
55,51740,2015,11,26,19,3,37.0,47.0,49.0,-8,44.19,3,NW,315,0.0,0.0,bbbb
56,51741,2015,11,26,20,3,41.0,49.0,48.0,-7,55.08,1,NW,321,0.0,0.0,bbbb
57,51742,2015,11,26,21,3,41.0,47.0,48.0,-7,55.08,1,NW,327,0.0,0.0,bbbb
58,51743,2015,11,26,22,3,42.0,54.0,49.0,-7,59.21,0,NW,334,0.0,0.0,bbbb
59,51744,2015,11,26,23,3,46.0,50.0,53.0,-6,63.94,0,NW,340,0.0,0.0,bbbb
60,51745,2015,11,27,0,3,47.0,54.0,52.0,-6,68.78,-1,NW,346,0.0,0.0,bbbb
61,51746,2015,11,27,1,3,38.0,40.0,48.0,-7,63.69,-1,NW,352,0.0,0.0,bbbb
62,51747,2015,11,27,2,3,34.0,34.0,33.0,-8,58.95,-1,NW,357,0.0,0.0,bbbb
63,51748,2015,11,27,3,3,32.0,32.0,28.0,-8,58.95,-1,NW,362,0.0,0.0,bbbb
64,51749,2015,11,27,4,3,27.0,36.0,34.0,-7,68.56,-2,NW,366,0.0,0.0,bbbb
65,51750,2015,11,27,5,3,30.0,34.0,38.0,-7,63.69,-1,NW,370,0.0,0.0,bbbb
66,51751,2015,11,27,6,3,34.0,41.0,40.0,-7,68.56,-2,NW,373,0.0,0.0,bbbb
67,51752,2015,11,27,7,3,36.0,40.0,44.0,-7,68.56,-2,NE,2,0.0,0.0,bbbb
68,51753,2015,11,27,8,3,38.0,40.0,48.0,-7,59.21,0,NW,3,0.0,0.0,bbbb
69,51754,2015,11,27,9,3,45.0,47.0,47.0,-7,51.27,2,NW,5,0.0,0.0,bbbb
70,51755,2015,11,27,10,3,49.0,49.0,50.0,-6,51.56,3,NW,7,0.0,0.0,bbbb
71,51756,2015,11,27,11,3,52.0,43.0,52.0,-6,48.04,4,SW,3,0.0,0.0,bbbb
72,51757,2015,11,27,12,3,42.0,43.0,42.0,-9,35.51,5,NW,2,0.0,0.0,bbbb
73,51758,2015,11,27,13,3,39.0,33.0,37.0,-10,30.61,6,SW,1,0.0,0.0,bbbb
74,51759,2015,11,27,14,3,33.0,38.0,31.0,-8,33.43,7,cv,2,0.0,0.0,bbbb
75,51760,2015,11,27,15,3,33.0,44.0,30.0,-9,30.92,7,cv,3,0.0,0.0,bbbb
76,51761,2015,11,27,16,3,34.0,39.0,36.0,-10,28.58,7,SE,3,0.0,0.0,bbbb
77,51762,2015,11,27,17,3,38.0,42.0,37.0,-9,33.12,6,SW,3,0.0,0.0,bbbb
78,51763,2015,11,27,18,3,42.0,47.0,48.0,-7,38.7,6,NW,2,0.0,0.0,bbbb
80,51765,2015,11,27,20,3,59.0,52.0,62.0,-5,51.84,4,NE,2,0.0,0.0,bbbb
83,51768,2015,11,27,23,3,69.0,78.0,71.0,-6,41.79,6,SE,2,0.0,0.0,bbbb
87,51772,2015,11,28,3,3,43.0,45.0,51.0,-5,45.1,6,SE,9,0.0,0.0,bbbb
92,51777,2015,11,28,8,3,56.0,59.0,62.0,0,56.99,8,cv,2,0.0,0.0,bbbb
93,51778,2015,11,28,9,3,63.0,69.0,71.0,0,53.26,9,SE,1,0.0,0.0,bbbb
94,51779,2015,11,28,10,3,66.0,62.0,75.0,0,49.8,10,SW,2,0.0,0.0,bbbb
95,51780,2015,11,28,11,3,62.0,67.0,70.0,-1,37.96,13,SW,4,0.0,0.0,bbbb
96,51781,2015,11,28,12,3,61.0,66.0,63.0,-1,33.35,15,SW,7,0.0,0.0,bbbb
97,51782,2015,11,28,13,3,62.0,61.0,68.0,-2,33.05,14,SW,9,0.0,0.0,bbbb
99,51784,2015,11,28,15,3,68.0,78.0,78.0,-2,30.98,15,SW,2,0.0,0.0,bbbb
102,51787,2015,11,28,18,3,84.0,76.0,80.0,3,54.08,12,SE,2,0.0,0.0,bbbb
104,51789,2015,11,28,20,3,81.0,77.0,71.0,6,71.27,11,SE,7,0.0,0.0,bbbb
116,51801,2015,11,29,8,3,79.0,76.0,83.0,8,93.45,9,cv,0,0.3,0.3,bbbb
119,51804,2015,11,29,11,3,56.0,48.0,62.0,10,93.55,11,SW,2,0.0,0.0,bbbb
121,51806,2015,11,29,13,3,75.0,60.0,70.0,10,93.55,11,NW,2,0.0,0.0,bbbb
122,51807,2015,11,29,14,3,69.0,50.0,78.0,10,93.55,11,SW,2,0.0,0.0,bbbb
133,51818,2015,11,30,1,3,108.0,94.0,106.0,7,93.4,8,SW,2,0.0,0.0,bbbb
134,51819,2015,11,30,2,3,101.0,96.0,91.0,8,100.0,8,cv,0,0.0,0.0,bbbb
139,51824,2015,11,30,7,3,72.0,69.0,78.0,7,100.0,7,NE,3,0.0,0.0,bbbb
141,51826,2015,11,30,9,3,99.0,94.0,92.0,10,100.0,10,NE,7,0.0,0.0,bbbb
142,51827,2015,11,30,10,3,132.0,131.0,118.0,11,93.6,12,NE,9,0.0,0.0,bbbb
143,51828,2015,11,30,11,3,165.0,144.0,145.0,11,82.14,14,cv,1,0.0,0.0,bbbb
144,51829,2015,11,30,12,3,182.0,151.0,162.0,10,72.04,15,cv,2,0.0,0.0,bbbb
145,51830,2015,11,30,13,3,189.0,130.0,158.0,10,67.57,16,cv,3,0.0,0.0,bbbb
146,51831,2015,11,30,14,3,176.0,130.0,140.0,9,59.29,17,cv,4,0.0,0.0,bbbb
147,51832,2015,11,30,15,3,154.0,134.0,156.0,9,63.18,16,NE,3,0.0,0.0,bbbb
148,51833,2015,11,30,16,3,174.0,156.0,174.0,8,59.04,16,NE,5,0.0,0.0,bbbb
150,51835,2015,11,30,18,3,196.0,168.0,199.0,9,67.36,15,NE,11,0.0,0.0,bbbb
151,51836,2015,11,30,19,3,177.0,143.0,166.0,9,71.85,14,NE,15,0.0,0.0,bbbb
154,51839,2015,11,30,22,3,129.0,119.0,134.0,9,76.68,13,NE,25,0.0,0.0,bbbb
159,51844,2015,12,1,3,4,96.0,82.0,91.0,8,93.45,9,NE,2,0.0,0.0,bbbb
161,51846,2015,12,1,5,4,74.0,67.0,71.0,8,93.45,9,NE,5,0.0,0.0,bbbb
162,51847,2015,12,1,6,4,65.0,65.0,66.0,9,100.0,9,NE,6,0.0,0.0,bbbb
163,51848,2015,12,1,7,4,66.0,60.0,57.0,9,93.5,10,NE,8,0.0,0.0,bbbb
164,51849,2015,12,1,8,4,67.0,64.0,65.0,10,82.01,13,NE,11,0.0,0.0,bbbb
165,51850,2015,12,1,9,4,62.0,61.0,61.0,11,77.01,15,NE,16,0.0,0.0,bbbb
166,51851,2015,12,1,10,4,55.0,45.0,58.0,11,67.78,17,NE,20,0.0,0.0,bbbb
167,51852,2015,12,1,11,4,47.0,42.0,43.0,10,63.41,17,SE,5,0.0,0.0,bbbb
168,51853,2015,12,1,12,4,36.0,40.0,42.0,10,59.54,18,SE,10,0.0,0.0,bbbb
169,51854,2015,12,1,13,4,34.0,41.0,34.0,10,59.54,18,SE,15,0.0,0.0,bbbb
170,51855,2015,12,1,14,4,35.0,36.0,34.0,10,59.54,18,SE,20,0.0,0.0,bbbb
172,51857,2015,12,1,16,4,17.0,34.0,35.0,10,63.41,17,SE,31,0.0,0.0,bbbb
174,51859,2015,12,1,18,4,29.0,42.0,45.0,11,67.78,17,SE,41,0.0,0.0,bbbb
175,51860,2015,12,1,19,4,37.0,43.0,45.0,11,72.23,16,SE,46,0.0,0.0,bbbb
176,51861,2015,12,1,20,4,34.0,45.0,47.0,12,77.17,16,SE,49,0.0,0.0,bbbb
177,51862,2015,12,1,21,4,37.0,43.0,42.0,12,77.17,16,SE,53,0.0,0.0,bbbb
178,51863,2015,12,1,22,4,37.0,40.0,44.0,12,77.17,16,SE,57,0.0,0.0,bbbb
180,51865,2015,12,2,0,4,45.0,45.0,47.0,12,82.27,15,SE,62,0.0,0.0,bbbb
186,51871,2015,12,2,6,4,72.0,64.0,67.0,12,82.27,15,NW,5,0.1,0.1,bbbb
187,51872,2015,12,2,7,4,80.0,69.0,73.0,13,93.7,14,NW,8,0.8,0.9,bbbb
188,51873,2015,12,2,8,4,97.0,83.0,83.0,13,93.7,14,NW,13,0.6,1.5,bbbb
189,51874,2015,12,2,9,4,88.0,81.0,90.0,13,93.7,14,NW,18,0.8,2.3,bbbb
190,51875,2015,12,2,10,4,71.0,75.0,95.0,11,87.66,13,NW,24,0.1,2.4,bbbb
191,51876,2015,12,2,11,4,78.0,75.0,85.0,10,82.01,13,NW,30,0.0,0.0,bbbb
192,51877,2015,12,2,12,4,79.0,82.0,87.0,10,82.01,13,NW,35,0.0,0.0,bbbb
193,51878,2015,12,2,13,4,87.0,82.0,90.0,9,71.85,14,NW,41,0.0,0.0,bbbb
194,51879,2015,12,2,14,4,93.0,85.0,87.0,8,67.15,14,NW,49,0.0,0.0,bbbb
195,51880,2015,12,2,15,4,101.0,98.0,96.0,8,76.52,12,NW,58,0.0,0.0,bbbb
196,51881,2015,12,2,16,4,108.0,97.0,110.0,7,71.47,12,NW,65,0.0,0.0,bbbb
197,51882,2015,12,2,17,4,108.0,101.0,108.0,6,66.71,12,NW,71,0.0,0.0,bbbb
198,51883,2015,12,2,18,4,102.0,109.0,111.0,5,66.49,11,NW,77,0.0,0.0,bbbb
199,51884,2015,12,2,19,4,116.0,115.0,124.0,5,66.49,11,NW,82,0.0,0.0,bbbb
201,51886,2015,12,2,21,4,90.0,66.0,99.0,2,57.51,10,NW,91,0.0,0.0,bbbb
202,51887,2015,12,2,22,4,59.0,56.0,79.0,1,57.25,9,NW,96,0.0,0.0,bbbb
203,51888,2015,12,2,23,4,54.0,62.0,75.0,-1,49.51,9,NW,102,0.0,0.0,bbbb
205,51890,2015,12,3,1,4,58.0,64.0,62.0,-2,49.22,8,NW,112,0.0,0.0,bbbb
211,51896,2015,12,3,7,4,70.0,74.0,74.0,0,70.06,5,SW,7,0.0,0.0,bbbb
212,51897,2015,12,3,8,4,76.0,88.0,78.0,2,70.47,7,SW,10,0.0,0.0,bbbb
213,51898,2015,12,3,9,4,79.0,79.0,86.0,2,61.51,9,SW,14,0.0,0.0,bbbb
214,51899,2015,12,3,10,4,66.0,61.0,76.0,-1,43.31,11,NW,6,0.0,0.0,bbbb
215,51900,2015,12,3,11,4,52.0,44.0,55.0,-2,37.66,12,NW,13,0.0,0.0,bbbb
216,51901,2015,12,3,12,4,36.0,43.0,44.0,-6,26.11,13,NW,22,0.0,0.0,bbbb
217,51902,2015,12,3,13,4,37.0,43.0,44.0,-5,28.18,13,NW,32,0.0,0.0,bbbb
218,51903,2015,12,3,14,4,36.0,41.0,39.0,-4,30.39,13,NW,40,0.0,0.0,bbbb
219,51904,2015,12,3,15,4,36.0,37.0,37.0,-7,24.18,13,NW,49,0.0,0.0,bbbb
220,51905,2015,12,3,16,4,32.0,33.0,33.0,-7,25.82,12,NW,56,0.0,0.0,bbbb
221,51906,2015,12,3,17,4,34.0,42.0,35.0,-7,27.58,11,NW,63,0.0,0.0,bbbb
222,51907,2015,12,3,18,4,42.0,52.0,39.0,-7,29.48,10,NW,69,0.0,0.0,bbbb
223,51908,2015,12,3,19,4,47.0,46.0,41.0,-6,34.05,9,NW,74,0.0,0.0,bbbb
224,51909,2015,12,3,20,4,43.0,48.0,42.0,-4,42.4,8,NW,79,0.0,0.0,bbbb
225,51910,2015,12,3,21,4,38.0,46.0,39.0,-5,42.1,7,NW,84,0.0,0.0,bbbb
226,51911,2015,12,3,22,4,35.0,41.0,43.0,-5,45.1,6,NW,89,0.0,0.0,bbbb
227,51912,2015,12,3,23,4,39.0,38.0,48.0,-5,45.1,6,NW,93,0.0,0.0,bbbb
228,51913,2015,12,4,0,4,33.0,36.0,41.0,-5,48.34,5,NW,97,0.0,0.0,bbbb
229,51914,2015,12,4,1,4,31.0,38.0,39.0,-5,48.34,5,NW,102,0.0,0.0,bbbb
230,51915,2015,12,4,2,4,35.0,38.0,40.0,-6,48.04,4,NW,106,0.0,0.0,bbbb
231,51916,2015,12,4,3,4,32.0,40.0,35.0,-5,51.84,4,NW,110,0.0,0.0,bbbb
232,51917,2015,12,4,4,4,30.0,40.0,42.0,-6,48.04,4,NW,115,0.0,0.0,bbbb
233,51918,2015,12,4,5,4,33.0,38.0,44.0,-7,44.49,4,NW,118,0.0,0.0,bbbb
234,51919,2015,12,4,6,4,35.0,41.0,40.0,-7,44.49,4,NW,122,0.0,0.0,bbbb
235,51920,2015,12,4,7,4,31.0,42.0,44.0,-7,44.49,4,NW,126,0.0,0.0,bbbb
236,51921,2015,12,4,8,4,40.0,49.0,38.0,-7,41.48,5,NW,130,0.0,0.0,bbbb
237,51922,2015,12,4,9,4,44.0,45.0,43.0,-7,38.7,6,NW,135,0.0,0.0,bbbb
238,51923,2015,12,4,10,4,44.0,46.0,38.0,-8,33.43,7,NW,139,0.0,0.0,bbbb
239,51924,2015,12,4,11,4,46.0,48.0,43.0,-7,33.74,8,NW,143,0.0,0.0,bbbb
240,51925,2015,12,4,12,4,44.0,44.0,35.0,-8,27.29,10,NW,148,0.0,0.0,bbbb
241,51926,2015,12,4,13,4,42.0,40.0,43.0,-8,27.29,10,NW,153,0.0,0.0,bbbb
242,51927,2015,12,4,14,4,37.0,44.0,45.0,-7,29.48,10,NW,159,0.0,0.0,bbbb
243,51928,2015,12,4,15,4,51.0,50.0,49.0,-8,27.29,10,NW,163,0.0,0.0,bbbb
244,51929,2015,12,4,16,4,46.0,53.0,50.0,-7,31.53,9,NW,167,0.0,0.0,bbbb
261,51946,2015,12,5,9,4,65.0,72.0,76.0,-3,45.7,8,SE,2,0.0,0.0,bbbb
263,51948,2015,12,5,11,4,60.0,46.0,64.0,-4,39.63,9,SW,4,0.0,0.0,bbbb
264,51949,2015,12,5,12,4,40.0,42.0,40.0,0,61.01,7,SW,7,0.3,0.3,bbbb
265,51950,2015,12,5,13,4,39.0,43.0,41.0,2,75.49,6,SW,11,0.0,0.0,bbbb
266,51951,2015,12,5,14,4,42.0,49.0,42.0,2,80.92,5,NW,3,0.1,0.1,bbbb
268,51953,2015,12,5,16,4,52.0,61.0,54.0,2,86.79,4,NE,4,1.6,1.6,bbbb
270,51955,2015,12,5,18,4,65.0,72.0,63.0,3,93.19,4,NE,9,0.6,0.6,bbbb
271,51956,2015,12,5,19,4,69.0,74.0,75.0,3,93.19,4,NE,12,0.9,1.5,bbbb
272,51957,2015,12,5,20,4,73.0,66.0,74.0,3,93.19,4,NW,4,1.0,2.5,bbbb
273,51958,2015,12,5,21,4,69.0,67.0,70.0,2,86.79,4,NE,3,0.7,3.2,bbbb
274,51959,2015,12,5,22,4,68.0,67.0,69.0,3,93.19,4,NE,6,1.6,4.8,bbbb
275,51960,2015,12,5,23,4,65.0,63.0,66.0,2,93.13,3,NW,3,1.6,6.4,bbbb
276,51961,2015,12,6,0,4,61.0,61.0,60.0,2,93.13,3,NE,2,1.2,7.6,bbbb
277,51962,2015,12,6,1,4,63.0,66.0,63.0,2,93.13,3,NW,2,0.9,8.5,bbbb
278,51963,2015,12,6,2,4,60.0,57.0,64.0,2,93.13,3,NW,5,0.3,8.8,bbbb
279,51964,2015,12,6,3,4,58.0,63.0,67.0,2,93.13,3,NW,9,0.0,0.0,bbbb
280,51965,2015,12,6,4,4,59.0,62.0,65.0,3,100.0,3,NW,12,0.0,0.0,bbbb
281,51966,2015,12,6,5,4,66.0,75.0,67.0,3,93.19,4,NW,15,0.0,0.0,bbbb
285,51970,2015,12,6,9,4,85.0,89.0,92.0,4,86.99,6,NW,24,0.0,0.0,bbbb
287,51972,2015,12,6,11,4,110.0,104.0,114.0,3,75.67,7,NW,31,0.0,0.0,bbbb
288,51973,2015,12,6,12,4,114.0,113.0,115.0,3,70.67,8,NW,36,0.0,0.0,bbbb
289,51974,2015,12,6,13,4,130.0,122.0,120.0,3,66.05,9,NW,40,0.0,0.0,bbbb
290,51975,2015,12,6,14,4,137.0,130.0,133.0,3,66.05,9,NW,44,0.0,0.0,bbbb
291,51976,2015,12,6,15,4,136.0,129.0,143.0,3,66.05,9,NW,48,0.0,0.0,bbbb
296,51981,2015,12,6,20,4,143.0,146.0,164.0,3,75.67,7,NW,2,0.0,0.0,bbbb
300,51985,2015,12,7,0,4,171.0,140.0,167.0,4,93.24,5,cv,1,0.0,0.0,bbbb
302,51987,2015,12,7,2,4,178.0,153.0,170.0,3,93.19,4,SW,1,0.0,0.0,bbbb
308,51993,2015,12,7,8,4,140.0,106.0,164.0,5,100.0,5,NW,2,0.0,0.0,bbbb
309,51994,2015,12,7,9,4,128.0,92.0,145.0,5,81.34,8,NW,5,0.0,0.0,bbbb
310,51995,2015,12,7,10,4,113.0,87.0,108.0,5,66.49,11,NE,3,0.0,0.0,bbbb
311,51996,2015,12,7,11,4,80.0,59.0,88.0,6,66.71,12,NW,5,0.0,0.0,bbbb
312,51997,2015,12,7,12,4,48.0,27.0,55.0,6,62.48,13,NE,3,0.0,0.0,bbbb
314,51999,2015,12,7,14,4,31.0,40.0,29.0,5,54.62,14,NE,9,0.0,0.0,bbbb
315,52000,2015,12,7,15,4,37.0,35.0,37.0,4,50.92,14,NE,13,0.0,0.0,bbbb
316,52001,2015,12,7,16,4,32.0,35.0,38.0,3,50.65,13,NE,16,0.0,0.0,bbbb
317,52002,2015,12,7,17,4,25.0,31.0,31.0,6,66.71,12,NE,20,0.0,0.0,bbbb
318,52003,2015,12,7,18,4,25.0,30.0,24.0,5,66.49,11,NE,24,0.0,0.0,bbbb
319,52004,2015,12,7,19,4,28.0,33.0,25.0,5,66.49,11,NE,28,0.0,0.0,bbbb
320,52005,2015,12,7,20,4,30.0,37.0,24.0,4,66.27,10,NE,31,0.0,0.0,bbbb
321,52006,2015,12,7,21,4,31.0,39.0,24.0,4,66.27,10,NE,33,0.0,0.0,bbbb
331,52016,2015,12,8,7,4,30.0,36.0,35.0,3,93.19,4,NE,6,0.0,0.0,bbbb
332,52017,2015,12,8,8,4,34.0,32.0,34.0,6,87.19,8,NE,7,0.0,0.0,bbbb
333,52018,2015,12,8,9,4,29.0,25.0,24.0,6,71.27,11,NE,10,0.0,0.0,bbbb
334,52019,2015,12,8,10,4,26.0,20.0,25.0,5,62.24,12,NE,15,0.0,0.0,bbbb
335,52020,2015,12,8,11,4,24.0,20.0,21.0,5,54.62,14,NE,19,0.0,0.0,bbbb
336,52021,2015,12,8,12,4,24.0,25.0,16.0,5,54.62,14,SE,4,0.0,0.0,bbbb
337,52022,2015,12,8,13,4,26.0,26.0,17.0,5,54.62,14,SE,8,0.0,0.0,bbbb
338,52023,2015,12,8,14,4,23.0,26.0,20.0,5,54.62,14,SE,12,0.0,0.0,bbbb
339,52024,2015,12,8,15,4,23.0,27.0,19.0,5,58.29,13,NE,3,0.0,0.0,bbbb
340,52025,2015,12,8,16,4,23.0,29.0,20.0,5,58.29,13,NE,7,0.0,0.0,bbbb
341,52026,2015,12,8,17,4,26.0,32.0,22.0,6,62.48,13,NE,10,0.0,0.0,bbbb
342,52027,2015,12,8,18,4,29.0,38.0,33.0,5,62.24,12,NE,14,0.0,0.0,bbbb
344,52029,2015,12,8,20,4,37.0,44.0,38.0,6,66.71,12,NE,21,0.0,0.0,bbbb
346,52031,2015,12,8,22,4,44.0,41.0,41.0,6,71.27,11,NE,26,0.0,0.0,bbbb
353,52038,2015,12,9,5,4,39.0,42.0,44.0,7,76.35,11,NE,42,0.0,0.0,bbbb
354,52039,2015,12,9,6,4,35.0,39.0,45.0,8,76.52,12,NE,46,0.0,0.0,bbbb
355,52040,2015,12,9,7,4,34.0,38.0,43.0,7,71.47,12,NE,51,0.0,0.0,bbbb
356,52041,2015,12,9,8,4,34.0,37.0,49.0,8,71.66,13,NE,55,0.0,0.0,bbbb
357,52042,2015,12,9,9,4,34.0,41.0,47.0,8,67.15,14,SE,4,0.0,0.0,bbbb
358,52043,2015,12,9,10,4,36.0,45.0,47.0,9,71.85,14,SE,8,0.0,0.0,bbbb
360,52045,2015,12,9,12,4,28.0,37.0,40.0,10,72.04,15,SE,15,0.0,0.0,bbbb
365,52050,2015,12,9,17,4,47.0,47.0,41.0,12,93.65,13,NE,4,1.3,1.3,bbbb
380,52065,2015,12,10,8,4,34.0,37.0,42.0,12,100.0,12,NW,22,0.6,0.6,bbbb
381,52066,2015,12,10,9,4,43.0,44.0,42.0,11,93.6,12,NW,26,0.1,0.7,bbbb
383,52068,2015,12,10,11,4,56.0,42.0,52.0,11,93.6,12,NW,35,1.0,1.0,bbbb
384,52069,2015,12,10,12,4,47.0,52.0,52.0,11,93.6,12,NW,41,0.5,1.5,bbbb
385,52070,2015,12,10,13,4,56.0,51.0,56.0,11,93.6,12,NW,47,0.1,1.6,bbbb
386,52071,2015,12,10,14,4,58.0,54.0,54.0,11,93.6,12,NW,54,0.5,2.1,bbbb
387,52072,2015,12,10,15,4,57.0,67.0,53.0,11,93.6,12,NW,60,0.3,2.4,bbbb
388,52073,2015,12,10,16,4,70.0,72.0,75.0,11,93.6,12,NW,67,0.0,0.0,bbbb
389,52074,2015,12,10,17,4,70.0,65.0,62.0,11,93.6,12,NW,75,0.0,0.0,bbbb
390,52075,2015,12,10,18,4,62.0,60.0,58.0,11,93.6,12,NW,82,0.0,0.0,bbbb
391,52076,2015,12,10,19,4,62.0,57.0,62.0,11,93.6,12,NW,88,0.0,0.0,bbbb
392,52077,2015,12,10,20,4,53.0,45.0,56.0,11,93.6,12,NW,95,0.1,0.1,bbbb
393,52078,2015,12,10,21,4,42.0,38.0,48.0,11,93.6,12,NW,101,0.1,0.2,bbbb
394,52079,2015,12,10,22,4,34.0,31.0,41.0,11,93.6,12,NW,106,0.0,0.0,bbbb
395,52080,2015,12,10,23,4,26.0,26.0,33.0,11,93.6,12,NW,111,0.1,0.1,bbbb
396,52081,2015,12,11,0,4,25.0,30.0,30.0,11,93.6,12,NW,116,0.0,0.0,bbbb
398,52083,2015,12,11,2,4,39.0,41.0,35.0,10,93.55,11,NW,126,0.0,0.0,bbbb
400,52085,2015,12,11,4,4,39.0,41.0,40.0,9,87.47,11,NW,135,0.0,0.0,bbbb
401,52086,2015,12,11,5,4,38.0,37.0,37.0,9,87.47,11,NW,140,0.0,0.0,bbbb
402,52087,2015,12,11,6,4,58.0,82.0,53.0,9,87.47,11,NW,145,0.0,0.0,bbbb
403,52088,2015,12,11,7,4,114.0,121.0,100.0,9,93.5,10,NE,4,0.0,0.0,bbbb
404,52089,2015,12,11,8,4,132.0,131.0,128.0,8,87.38,10,NW,5,0.0,0.0,bbbb
405,52090,2015,12,11,9,4,146.0,148.0,144.0,8,81.75,11,NW,11,0.0,0.0,bbbb
406,52091,2015,12,11,10,4,167.0,169.0,162.0,8,81.75,11,NW,17,0.0,0.0,bbbb
407,52092,2015,12,11,11,4,192.0,180.0,185.0,7,81.61,10,NW,23,0.0,0.0,bbbb
408,52093,2015,12,11,12,4,191.0,168.0,189.0,7,76.35,11,NW,29,0.0,0.0,bbbb
409,52094,2015,12,11,13,4,165.0,148.0,157.0,6,71.27,11,NW,35,0.0,0.0,bbbb
410,52095,2015,12,11,14,4,141.0,117.0,131.0,6,71.27,11,NW,42,0.0,0.0,bbbb
411,52096,2015,12,11,15,4,120.0,94.0,110.0,5,66.49,11,NW,47,0.0,0.0,bbbb
412,52097,2015,12,11,16,4,90.0,81.0,101.0,5,71.07,10,NW,53,0.0,0.0,bbbb
413,52098,2015,12,11,17,4,69.0,59.0,79.0,4,70.88,9,NW,57,0.0,0.0,bbbb
414,52099,2015,12,11,18,4,46.0,34.0,52.0,4,70.88,9,NE,5,0.0,0.0,bbbb
415,52100,2015,12,11,19,4,29.0,32.0,33.0,3,70.67,8,NE,10,0.0,0.0,bbbb
416,52101,2015,12,11,20,4,25.0,26.0,26.0,2,70.47,7,NE,15,0.0,0.0,bbbb
417,52102,2015,12,11,21,4,23.0,30.0,24.0,1,75.32,5,NE,18,0.0,0.0,bbbb
419,52104,2015,12,11,23,4,27.0,26.0,26.0,2,80.92,5,NW,4,0.0,0.0,bbbb
424,52109,2015,12,12,4,4,51.0,47.0,50.0,1,80.78,4,NW,5,0.0,0.0,bbbb
425,52110,2015,12,12,5,4,48.0,44.0,51.0,1,86.68,3,NE,3,0.0,0.0,bbbb
426,52111,2015,12,12,6,4,47.0,47.0,51.0,1,86.68,3,NE,5,0.0,0.0,bbbb
427,52112,2015,12,12,7,4,47.0,57.0,46.0,1,86.68,3,NE,8,0.0,0.0,bbbb
428,52113,2015,12,12,8,4,52.0,58.0,49.0,4,86.99,6,NE,10,0.0,0.0,bbbb
429,52114,2015,12,12,9,4,55.0,55.0,48.0,4,75.84,8,NE,14,0.0,0.0,bbbb
430,52115,2015,12,12,10,4,57.0,51.0,52.0,2,57.51,10,NE,17,0.0,0.0,bbbb
431,52116,2015,12,12,11,4,51.0,51.0,53.0,3,57.77,11,NE,19,0.0,0.0,bbbb
432,52117,2015,12,12,12,4,49.0,51.0,54.0,3,54.08,12,cv,2,0.0,0.0,bbbb
433,52118,2015,12,12,13,4,49.0,50.0,52.0,2,47.17,13,SW,2,0.0,0.0,bbbb
434,52119,2015,12,12,14,4,53.0,54.0,44.0,2,47.17,13,NE,3,0.0,0.0,bbbb
435,52120,2015,12,12,15,4,57.0,56.0,41.0,3,54.08,12,NE,6,0.0,0.0,bbbb
436,52121,2015,12,12,16,4,54.0,57.0,50.0,3,54.08,12,NE,9,0.0,0.0,bbbb
437,52122,2015,12,12,17,4,53.0,57.0,47.0,3,61.76,10,NE,12,0.0,0.0,bbbb
438,52123,2015,12,12,18,4,50.0,56.0,53.0,3,61.76,10,NE,15,0.0,0.0,bbbb
439,52124,2015,12,12,19,4,50.0,47.0,52.0,4,66.27,10,NE,19,0.0,0.0,bbbb
441,52126,2015,12,12,21,4,43.0,47.0,43.0,5,71.07,10,NE,2,0.0,0.0,bbbb
442,52127,2015,12,12,22,4,47.0,50.0,43.0,5,76.01,9,NE,5,0.0,0.0,bbbb
443,52128,2015,12,12,23,4,47.0,51.0,50.0,6,81.48,9,NE,8,0.0,0.0,bbbb
447,52132,2015,12,13,3,4,48.0,51.0,52.0,6,93.35,7,NW,4,0.0,0.0,bbbb
449,52134,2015,12,13,5,4,44.0,43.0,42.0,7,93.4,8,NW,4,0.0,0.0,bbbb
450,52135,2015,12,13,6,4,48.0,46.0,43.0,7,93.4,8,NW,6,0.0,0.0,bbbb
451,52136,2015,12,13,7,4,49.0,44.0,53.0,7,93.4,8,NE,3,0.0,0.0,bbbb
452,52137,2015,12,13,8,4,48.0,51.0,47.0,7,87.28,9,NE,6,0.1,0.1,bbbb
453,52138,2015,12,13,9,4,53.0,43.0,46.0,8,93.45,9,NE,9,0.0,0.0,bbbb
454,52139,2015,12,13,10,4,58.0,60.0,53.0,8,87.38,10,NE,12,0.0,0.0,bbbb
455,52140,2015,12,13,11,4,61.0,61.0,60.0,7,81.61,10,NE,15,0.0,0.0,bbbb
456,52141,2015,12,13,12,4,66.0,61.0,64.0,6,76.18,10,NE,18,0.0,0.0,bbbb
457,52142,2015,12,13,13,4,63.0,61.0,64.0,6,76.18,10,NE,20,0.2,0.2,bbbb
458,52143,2015,12,13,14,4,64.0,67.0,64.0,6,81.48,9,NE,24,0.0,0.0,bbbb
459,52144,2015,12,13,15,4,77.0,74.0,69.0,7,87.28,9,NW,3,0.8,0.8,bbbb
460,52145,2015,12,13,16,4,82.0,83.0,77.0,6,81.48,9,NW,6,0.3,1.1,bbbb
461,52146,2015,12,13,17,4,93.0,79.0,91.0,7,87.28,9,NW,9,0.1,1.2,bbbb
462,52147,2015,12,13,18,4,84.0,80.0,91.0,6,87.19,8,NW,13,0.0,0.0,bbbb
463,52148,2015,12,13,19,4,83.0,78.0,83.0,6,87.19,8,NW,17,0.0,0.0,bbbb
465,52150,2015,12,13,21,4,73.0,72.0,73.0,7,93.4,8,NW,23,0.0,0.0,bbbb
466,52151,2015,12,13,22,4,87.0,92.0,96.0,6,87.19,8,NW,27,0.0,0.0,bbbb
467,52152,2015,12,13,23,4,91.0,81.0,104.0,6,87.19,8,NW,31,0.1,0.1,bbbb
470,52155,2015,12,14,2,4,106.0,97.0,96.0,5,81.34,8,NW,41,0.0,0.0,bbbb
471,52156,2015,12,14,3,4,104.0,98.0,100.0,5,81.34,8,NW,45,0.0,0.0,bbbb
472,52157,2015,12,14,4,4,106.0,107.0,103.0,4,75.84,8,NW,49,0.0,0.0,bbbb
474,52159,2015,12,14,6,4,114.0,118.0,115.0,4,81.2,7,NW,57,0.0,0.0,bbbb
475,52160,2015,12,14,7,4,123.0,121.0,122.0,4,81.2,7,NW,62,0.0,0.0,bbbb
476,52161,2015,12,14,8,4,125.0,124.0,141.0,3,70.67,8,NW,67,0.0,0.0,bbbb
477,52162,2015,12,14,9,4,127.0,115.0,137.0,3,70.67,8,NW,71,0.0,0.0,bbbb
478,52163,2015,12,14,10,4,120.0,109.0,128.0,2,61.51,9,NW,76,0.0,0.0,bbbb
479,52164,2015,12,14,11,4,111.0,101.0,121.0,0,49.8,10,NW,81,0.0,0.0,bbbb
480,52165,2015,12,14,12,4,115.0,117.0,112.0,-1,46.29,10,NW,88,0.0,0.0,bbbb
481,52166,2015,12,14,13,4,139.0,140.0,127.0,-1,46.29,10,NW,95,0.0,0.0,bbbb
484,52169,2015,12,14,16,4,196.0,187.0,174.0,0,53.26,9,NW,113,0.0,0.0,bbbb
485,52170,2015,12,14,17,4,193.0,195.0,188.0,1,57.25,9,NW,117,0.0,0.0,bbbb
486,52171,2015,12,14,18,4,202.0,203.0,199.0,2,65.82,8,NW,120,0.0,0.0,bbbb
488,52173,2015,12,14,20,4,205.0,210.0,208.0,3,70.67,8,NW,127,0.0,0.0,bbbb
489,52174,2015,12,14,21,4,218.0,228.0,224.0,4,75.84,8,NW,131,0.0,0.0,bbbb
490,52175,2015,12,14,22,4,223.0,225.0,228.0,4,75.84,8,NW,134,0.0,0.0,bbbb
491,52176,2015,12,14,23,4,229.0,233.0,238.0,4,75.84,8,NW,137,0.0,0.0,bbbb
492,52177,2015,12,15,0,4,242.0,251.0,250.0,3,70.67,8,NW,141,0.0,0.0,bbbb
493,52178,2015,12,15,1,4,262.0,267.0,274.0,2,65.82,8,NW,146,0.0,0.0,bbbb
494,52179,2015,12,15,2,4,267.0,262.0,273.0,1,65.59,7,NW,150,0.0,0.0,bbbb
495,52180,2015,12,15,3,4,262.0,266.0,262.0,1,70.27,6,NW,155,0.0,0.0,bbbb
496,52181,2015,12,15,4,4,264.0,267.0,262.0,1,65.59,7,NW,161,0.0,0.0,bbbb
497,52182,2015,12,15,5,4,267.0,272.0,268.0,1,70.27,6,NW,167,0.0,0.0,bbbb
498,52183,2015,12,15,6,4,270.0,281.0,275.0,1,70.27,6,NW,172,0.0,0.0,bbbb
499,52184,2015,12,15,7,4,269.0,269.0,276.0,1,70.27,6,NW,176,0.0,0.0,bbbb
500,52185,2015,12,15,8,4,261.0,251.0,271.0,0,61.01,7,NW,181,0.0,0.0,bbbb
501,52186,2015,12,15,9,4,247.0,238.0,266.0,1,61.26,8,NW,184,0.0,0.0,bbbb
502,52187,2015,12,15,10,4,236.0,224.0,243.0,1,61.26,8,NW,188,0.0,0.0,bbbb
503,52188,2015,12,15,11,4,202.0,188.0,214.0,-1,49.51,9,NW,194,0.0,0.0,bbbb
504,52189,2015,12,15,12,4,189.0,195.0,194.0,-1,46.29,10,NW,200,0.0,0.0,bbbb
505,52190,2015,12,15,13,4,198.0,193.0,203.0,-1,46.29,10,NW,206,0.0,0.0,bbbb
506,52191,2015,12,15,14,4,202.0,186.0,198.0,0,49.8,10,NW,212,0.0,0.0,bbbb
507,52192,2015,12,15,15,4,176.0,157.0,181.0,-1,46.29,10,NW,216,0.0,0.0,bbbb
508,52193,2015,12,15,16,4,180.0,176.0,165.0,-1,46.29,10,NW,221,0.0,0.0,bbbb
509,52194,2015,12,15,17,4,191.0,192.0,184.0,-1,49.51,9,NW,225,0.0,0.0,bbbb
510,52195,2015,12,15,18,4,189.0,180.0,194.0,0,56.99,8,NW,228,0.0,0.0,bbbb
511,52196,2015,12,15,19,4,189.0,198.0,211.0,0,56.99,8,NW,231,0.0,0.0,bbbb
513,52198,2015,12,15,21,4,200.0,192.0,226.0,1,65.59,7,NW,237,0.0,0.0,bbbb
514,52199,2015,12,15,22,4,201.0,194.0,216.0,0,61.01,7,NW,240,0.0,0.0,bbbb
517,52202,2015,12,16,1,4,211.0,198.0,227.0,1,65.59,7,NW,7,0.0,0.0,bbbb
518,52203,2015,12,16,2,4,169.0,140.0,194.0,-1,56.72,7,NW,12,0.0,0.0,bbbb
519,52204,2015,12,16,3,4,133.0,116.0,132.0,-4,48.63,6,NW,18,0.0,0.0,bbbb
520,52205,2015,12,16,4,4,97.0,82.0,96.0,-4,52.13,5,NW,23,0.0,0.0,bbbb
521,52206,2015,12,16,5,4,72.0,73.0,81.0,-4,55.91,4,NW,27,0.0,0.0,bbbb
522,52207,2015,12,16,6,4,62.0,62.0,60.0,-5,51.84,4,NW,33,0.0,0.0,bbbb
523,52208,2015,12,16,7,4,62.0,75.0,71.0,-5,51.84,4,NW,38,0.0,0.0,bbbb
524,52209,2015,12,16,8,4,68.0,73.0,74.0,-4,55.91,4,NW,45,0.0,0.0,bbbb
525,52210,2015,12,16,9,4,64.0,67.0,71.0,-3,56.18,5,NW,51,0.0,0.0,bbbb
526,52211,2015,12,16,10,4,56.0,38.0,51.0,-6,39.01,7,NW,58,0.0,0.0,bbbb
527,52212,2015,12,16,11,4,34.0,24.0,31.0,-11,26.39,7,NW,66,0.0,0.0,bbbb
528,52213,2015,12,16,12,4,24.0,28.0,22.0,-12,22.75,8,NW,75,0.0,0.0,bbbb
530,52215,2015,12,16,14,4,25.0,34.0,21.0,-13,22.46,7,NW,93,0.0,0.0,bbbb
531,52216,2015,12,16,15,4,26.0,36.0,26.0,-11,26.39,7,NW,100,0.0,0.0,bbbb
532,52217,2015,12,16,16,4,33.0,38.0,36.0,-10,30.61,6,NW,108,0.0,0.0,bbbb
534,52219,2015,12,16,18,4,31.0,44.0,35.0,-10,35.19,4,NW,121,0.0,0.0,bbbb
535,52220,2015,12,16,19,4,39.0,57.0,38.0,-9,38.08,4,NW,125,0.0,0.0,bbbb
536,52221,2015,12,16,20,4,46.0,52.0,44.0,-8,44.19,3,NW,129,0.0,0.0,bbbb
537,52222,2015,12,16,21,4,46.0,50.0,51.0,-8,44.19,3,NW,135,0.0,0.0,bbbb
538,52223,2015,12,16,22,4,39.0,47.0,50.0,-9,40.86,3,NW,140,0.0,0.0,bbbb
539,52224,2015,12,16,23,4,38.0,38.0,49.0,-8,47.44,2,NW,145,0.0,0.0,bbbb
540,52225,2015,12,17,0,4,34.0,37.0,45.0,-8,47.44,2,NW,150,0.0,0.0,bbbb
541,52226,2015,12,17,1,4,30.0,41.0,41.0,-9,43.88,2,NW,155,0.0,0.0,bbbb
542,52227,2015,12,17,2,4,37.0,42.0,39.0,-10,43.57,1,NW,161,0.0,0.0,bbbb
543,52228,2015,12,17,3,4,36.0,46.0,36.0,-10,43.57,1,NW,168,0.0,0.0,bbbb
544,52229,2015,12,17,4,4,32.0,42.0,38.0,-10,43.57,1,NW,173,0.0,0.0,bbbb
545,52230,2015,12,17,5,4,34.0,48.0,78.0,-10,43.57,1,NW,179,0.0,0.0,bbbb
546,52231,2015,12,17,6,4,36.0,44.0,108.0,-9,47.14,1,NW,184,0.0,0.0,bbbb
547,52232,2015,12,17,7,4,37.0,49.0,105.0,-9,50.68,0,NW,189,0.0,0.0,bbbb
548,52233,2015,12,17,8,4,42.0,56.0,104.0,-9,47.14,1,NW,194,0.0,0.0,bbbb
551,52236,2015,12,17,11,4,33.0,28.0,33.0,-11,32.5,4,NW,218,0.0,0.0,bbbb
552,52237,2015,12,17,12,4,28.0,32.0,28.0,-11,30.31,5,NW,225,0.0,0.0,bbbb
553,52238,2015,12,17,13,4,26.0,40.0,30.0,-12,27.97,5,NW,231,0.0,0.0,bbbb
554,52239,2015,12,17,14,4,31.0,46.0,24.0,-14,23.77,5,NW,238,0.0,0.0,bbbb
555,52240,2015,12,17,15,4,37.0,48.0,32.0,-12,27.97,5,NW,244,0.0,0.0,bbbb
556,52241,2015,12,17,16,4,36.0,49.0,36.0,-12,30.0,4,NW,250,0.0,0.0,bbbb
557,52242,2015,12,17,17,4,38.0,50.0,36.0,-12,30.0,4,NW,255,0.0,0.0,bbbb
558,52243,2015,12,17,18,4,41.0,52.0,39.0,-11,34.88,3,NW,259,0.0,0.0,bbbb
559,52244,2015,12,17,19,4,44.0,57.0,45.0,-10,37.77,3,NW,263,0.0,0.0,bbbb
560,52245,2015,12,17,20,4,49.0,56.0,48.0,-10,40.55,2,NW,267,0.0,0.0,bbbb
561,52246,2015,12,17,21,4,54.0,55.0,55.0,-10,40.55,2,NW,271,0.0,0.0,bbbb
562,52247,2015,12,17,22,4,53.0,38.0,57.0,-9,47.14,1,NE,3,0.0,0.0,bbbb
563,52248,2015,12,17,23,4,39.0,41.0,43.0,-8,54.8,0,NE,6,0.0,0.0,bbbb
660,52345,2015,12,22,0,4,94.0,94.0,104.0,5,81.34,8,cv,1,0.0,0.0,bbbb
661,52346,2015,12,22,1,4,92.0,90.0,96.0,5,81.34,8,cv,1,0.0,0.0,bbbb
663,52348,2015,12,22,3,4,91.0,88.0,94.0,5,87.09,7,NW,2,0.0,0.0,bbbb
664,52349,2015,12,22,4,4,97.0,103.0,99.0,6,93.35,7,cv,0,0.0,0.0,bbbb
665,52350,2015,12,22,5,4,101.0,101.0,106.0,6,93.35,7,cv,0,0.0,0.0,bbbb
667,52352,2015,12,22,7,4,71.0,80.0,101.0,7,87.28,9,SE,6,0.0,0.0,bbbb
668,52353,2015,12,22,8,4,73.0,76.0,90.0,9,93.5,10,NW,2,0.0,0.0,bbbb
669,52354,2015,12,22,9,4,77.0,72.0,75.0,9,81.88,12,NE,1,0.0,0.0,bbbb
670,52355,2015,12,22,10,4,67.0,68.0,74.0,10,76.84,14,SE,4,0.0,0.0,bbbb
671,52356,2015,12,22,11,4,62.0,67.0,68.0,10,76.84,14,SE,7,0.0,0.0,bbbb
672,52357,2015,12,22,12,4,65.0,64.0,62.0,11,77.01,15,SE,10,0.0,0.0,bbbb
673,52358,2015,12,22,13,4,71.0,61.0,64.0,11,77.01,15,SE,13,0.0,0.0,bbbb
674,52359,2015,12,22,14,4,73.0,69.0,77.0,12,77.17,16,SE,16,0.0,0.0,bbbb
675,52360,2015,12,22,15,4,77.0,69.0,77.0,12,82.27,15,SE,18,0.0,0.0,bbbb
677,52362,2015,12,22,17,4,75.0,86.0,75.0,12,87.75,14,SW,2,0.0,0.0,bbbb
678,52363,2015,12,22,18,4,104.0,95.0,82.0,11,82.14,14,SW,4,0.0,0.0,bbbb
679,52364,2015,12,22,19,4,107.0,98.0,77.0,11,82.14,14,NW,4,0.1,0.1,bbbb
680,52365,2015,12,22,20,4,115.0,107.0,127.0,12,93.65,13,cv,1,0.0,0.0,bbbb
681,52366,2015,12,22,21,4,142.0,142.0,160.0,11,87.66,13,cv,2,0.0,0.0,bbbb
682,52367,2015,12,22,22,4,156.0,135.0,157.0,11,87.66,13,NW,3,0.0,0.0,bbbb
683,52368,2015,12,22,23,4,136.0,139.0,140.0,11,87.66,13,NW,7,0.0,0.0,bbbb
684,52369,2015,12,23,0,4,127.0,126.0,140.0,10,87.57,12,NW,12,0.0,0.0,bbbb
685,52370,2015,12,23,1,4,133.0,166.0,182.0,10,93.55,11,NW,16,0.0,0.0,bbbb
686,52371,2015,12,23,2,4,225.0,284.0,251.0,10,93.55,11,NW,21,0.1,0.1,bbbb
687,52372,2015,12,23,3,4,279.0,266.0,255.0,9,93.5,10,NW,25,0.0,0.0,bbbb
688,52373,2015,12,23,4,4,242.0,229.0,241.0,9,93.5,10,NW,30,0.0,0.0,bbbb
689,52374,2015,12,23,5,4,225.0,231.0,241.0,8,87.38,10,NW,34,0.0,0.0,bbbb
690,52375,2015,12,23,6,4,241.0,237.0,252.0,7,87.28,9,NW,37,0.0,0.0,bbbb
691,52376,2015,12,23,7,4,247.0,257.0,267.0,7,87.28,9,NW,42,0.0,0.0,bbbb
692,52377,2015,12,23,8,4,249.0,242.0,272.0,7,87.28,9,NW,48,0.0,0.0,bbbb
693,52378,2015,12,23,9,4,236.0,222.0,271.0,7,87.28,9,NW,53,0.0,0.0,bbbb
694,52379,2015,12,23,10,4,236.0,234.0,248.0,7,87.28,9,NW,57,0.0,0.0,bbbb
695,52380,2015,12,23,11,4,247.0,239.0,249.0,7,87.28,9,NW,61,0.0,0.0,bbbb
696,52381,2015,12,23,12,4,231.0,176.0,245.0,7,81.61,10,NW,65,0.0,0.0,bbbb
697,52382,2015,12,23,13,4,168.0,139.0,187.0,7,76.35,11,NW,67,0.0,0.0,bbbb
698,52383,2015,12,23,14,4,151.0,154.0,148.0,7,76.35,11,NW,71,0.0,0.0,bbbb
699,52384,2015,12,23,15,4,196.0,202.0,168.0,8,81.75,11,NW,74,0.0,0.0,bbbb
700,52385,2015,12,23,16,4,220.0,215.0,206.0,8,81.75,11,NE,4,0.0,0.0,bbbb
701,52386,2015,12,23,17,4,205.0,198.0,224.0,8,87.38,10,NE,6,0.0,0.0,bbbb
702,52387,2015,12,23,18,4,203.0,183.0,203.0,8,87.38,10,NE,10,0.0,0.0,bbbb
703,52388,2015,12,23,19,4,160.0,136.0,187.0,8,87.38,10,NE,14,0.0,0.0,bbbb
705,52390,2015,12,23,21,4,99.0,106.0,111.0,9,93.5,10,NE,20,0.0,0.0,bbbb
709,52394,2015,12,24,1,4,44.0,44.0,40.0,9,87.47,11,NE,30,0.0,0.0,bbbb
711,52396,2015,12,24,3,4,34.0,36.0,25.0,9,93.5,10,NE,34,0.0,0.0,bbbb
717,52402,2015,12,24,9,4,43.0,41.0,38.0,7,76.35,11,NE,56,0.0,0.0,bbbb
719,52404,2015,12,24,11,4,55.0,62.0,51.0,8,81.75,11,NE,65,0.0,0.0,bbbb
720,52405,2015,12,24,12,4,62.0,66.0,64.0,8,87.38,10,NE,70,0.1,0.1,bbbb
728,52413,2015,12,24,20,4,82.0,85.0,76.0,8,93.45,9,NE,107,0.7,2.5,bbbb
731,52416,2015,12,24,23,4,114.0,138.0,117.0,7,93.4,8,NW,8,0.1,3.5,bbbb
732,52417,2015,12,25,0,4,145.0,161.0,138.0,7,93.4,8,NW,12,0.0,0.0,bbbb
733,52418,2015,12,25,1,4,174.0,188.0,171.0,7,93.4,8,NW,16,0.0,0.0,bbbb
734,52419,2015,12,25,2,4,202.0,210.0,199.0,7,93.4,8,NW,20,0.0,0.0,bbbb
735,52420,2015,12,25,3,4,221.0,225.0,222.0,7,93.4,8,NW,24,0.0,0.0,bbbb
736,52421,2015,12,25,4,4,230.0,222.0,236.0,6,87.19,8,NW,28,0.0,0.0,bbbb
737,52422,2015,12,25,5,4,203.0,184.0,208.0,6,93.35,7,NE,4,0.0,0.0,bbbb
738,52423,2015,12,25,6,4,170.0,158.0,175.0,5,87.09,7,NE,7,0.0,0.0,bbbb
739,52424,2015,12,25,7,4,166.0,181.0,153.0,5,93.29,6,NE,10,0.0,0.0,bbbb
740,52425,2015,12,25,8,4,199.0,211.0,184.0,4,86.99,6,NW,4,0.0,0.0,bbbb
741,52426,2015,12,25,9,4,221.0,228.0,234.0,4,81.2,7,NW,8,0.0,0.0,bbbb
742,52427,2015,12,25,10,4,244.0,228.0,248.0,4,75.84,8,NW,11,0.0,0.0,bbbb
744,52429,2015,12,25,12,4,159.0,153.0,167.0,2,57.51,10,NW,19,0.0,0.0,bbbb
745,52430,2015,12,25,13,4,152.0,151.0,171.0,2,57.51,10,NW,24,0.0,0.0,bbbb
746,52431,2015,12,25,14,4,145.0,158.0,146.0,3,61.76,10,NW,28,0.0,0.0,bbbb
747,52432,2015,12,25,15,4,160.0,145.0,146.0,3,61.76,10,NW,32,0.0,0.0,bbbb
748,52433,2015,12,25,16,4,140.0,148.0,127.0,3,61.76,10,NW,36,0.0,0.0,bbbb
750,52435,2015,12,25,18,4,153.0,150.0,152.0,4,75.84,8,SW,6,0.0,0.0,bbbb
763,52448,2015,12,26,7,4,136.0,100.0,99.0,4,100.0,4,SW,4,0.0,0.0,bbbb
765,52450,2015,12,26,9,4,81.0,85.0,67.0,6,100.0,6,SW,11,0.0,0.0,bbbb
766,52451,2015,12,26,10,4,87.0,70.0,74.0,7,100.0,7,SW,13,0.0,0.0,bbbb
767,52452,2015,12,26,11,4,80.0,64.0,68.0,6,81.48,9,SW,16,0.0,0.0,bbbb
768,52453,2015,12,26,12,4,69.0,59.0,57.0,6,66.71,12,SW,20,0.0,0.0,bbbb
769,52454,2015,12,26,13,4,58.0,55.0,51.0,4,54.35,13,SW,25,0.0,0.0,bbbb
770,52455,2015,12,26,14,4,53.0,51.0,52.0,3,50.65,13,SW,29,0.0,0.0,bbbb
771,52456,2015,12,26,15,4,52.0,60.0,54.0,2,44.2,14,SW,32,0.0,0.0,bbbb
772,52457,2015,12,26,16,4,57.0,63.0,57.0,3,50.65,13,SW,35,0.0,0.0,bbbb
773,52458,2015,12,26,17,4,60.0,57.0,59.0,3,54.08,12,SW,37,0.0,0.0,bbbb
774,52459,2015,12,26,18,4,68.0,77.0,72.0,3,66.05,9,SW,39,0.0,0.0,bbbb
786,52471,2015,12,27,6,4,84.0,88.0,81.0,5,87.09,7,NW,3,0.0,0.0,bbbb
788,52473,2015,12,27,8,4,104.0,105.0,103.0,4,70.88,9,NE,4,0.0,0.0,bbbb
789,52474,2015,12,27,9,4,114.0,128.0,120.0,5,71.07,10,NE,6,0.0,0.0,bbbb
790,52475,2015,12,27,10,4,137.0,135.0,141.0,5,66.49,11,NE,10,0.0,0.0,bbbb
791,52476,2015,12,27,11,4,107.0,71.0,124.0,7,71.47,12,NE,16,0.0,0.0,bbbb
792,52477,2015,12,27,12,4,58.0,55.0,70.0,7,71.47,12,NE,22,0.0,0.0,bbbb
793,52478,2015,12,27,13,4,49.0,48.0,55.0,6,76.18,10,NE,28,0.0,0.0,bbbb
794,52479,2015,12,27,14,4,39.0,38.0,46.0,5,71.07,10,NE,35,0.0,0.0,bbbb
795,52480,2015,12,27,15,4,33.0,43.0,39.0,5,76.01,9,NE,42,0.0,0.0,bbbb
796,52481,2015,12,27,16,4,35.0,45.0,40.0,4,70.88,9,NE,49,0.0,0.0,bbbb
797,52482,2015,12,27,17,4,37.0,49.0,39.0,4,75.84,8,NE,56,0.0,0.0,bbbb
798,52483,2015,12,27,18,4,41.0,49.0,44.0,3,70.67,8,NE,63,0.0,0.0,bbbb
799,52484,2015,12,27,19,4,42.0,49.0,43.0,3,70.67,8,NE,70,0.0,0.0,bbbb
800,52485,2015,12,27,20,4,41.0,42.0,42.0,2,70.47,7,NE,76,0.0,0.0,bbbb
801,52486,2015,12,27,21,4,33.0,35.0,38.0,2,70.47,7,NE,82,0.0,0.0,bbbb
802,52487,2015,12,27,22,4,26.0,26.0,31.0,1,65.59,7,NE,89,0.0,0.0,bbbb
803,52488,2015,12,27,23,4,23.0,27.0,24.0,1,70.27,6,NE,95,0.0,0.0,bbbb
804,52489,2015,12,28,0,4,21.0,25.0,22.0,1,70.27,6,NE,101,0.0,0.0,bbbb
805,52490,2015,12,28,1,4,20.0,27.0,21.0,0,75.14,4,NE,104,0.0,0.0,bbbb
806,52491,2015,12,28,2,4,22.0,25.0,25.0,0,75.14,4,NE,107,0.0,0.0,bbbb
807,52492,2015,12,28,3,4,21.0,28.0,24.0,0,80.63,3,NE,110,0.0,0.0,bbbb
808,52493,2015,12,28,4,4,21.0,26.0,24.0,1,80.78,4,NW,4,0.0,0.0,bbbb
809,52494,2015,12,28,5,4,26.0,24.0,26.0,1,80.78,4,NE,4,0.0,0.0,bbbb
810,52495,2015,12,28,6,4,23.0,21.0,27.0,0,80.63,3,NE,8,0.0,0.0,bbbb
811,52496,2015,12,28,7,4,17.0,27.0,19.0,0,80.63,3,NE,12,0.0,0.0,bbbb
812,52497,2015,12,28,8,4,17.0,24.0,16.0,0,75.14,4,NE,16,0.0,0.0,bbbb
813,52498,2015,12,28,9,4,15.0,21.0,18.0,0,65.36,6,NE,19,0.0,0.0,bbbb
814,52499,2015,12,28,10,4,20.0,27.0,21.0,-2,56.45,6,NE,24,0.0,0.0,bbbb
815,52500,2015,12,28,11,4,27.0,40.0,28.0,-2,52.7,7,NW,6,0.0,0.0,bbbb
816,52501,2015,12,28,12,4,37.0,45.0,40.0,-2,49.22,8,NE,5,0.0,0.0,bbbb
817,52502,2015,12,28,13,4,39.0,46.0,42.0,-2,49.22,8,NE,11,0.0,0.0,bbbb
818,52503,2015,12,28,14,4,47.0,54.0,42.0,-1,52.98,8,NW,5,0.0,0.0,bbbb
819,52504,2015,12,28,15,4,51.0,63.0,49.0,-2,52.7,7,NE,5,0.0,0.0,bbbb
820,52505,2015,12,28,16,4,55.0,62.0,58.0,-1,56.72,7,NW,5,0.0,0.0,bbbb
821,52506,2015,12,28,17,4,56.0,61.0,59.0,-2,56.45,6,NE,4,0.0,0.0,bbbb
822,52507,2015,12,28,18,4,54.0,57.0,55.0,-1,65.13,5,NE,8,0.0,0.0,bbbb
823,52508,2015,12,28,19,4,50.0,56.0,57.0,-1,65.13,5,NE,11,0.0,0.0,bbbb
824,52509,2015,12,28,20,4,51.0,57.0,56.0,-1,65.13,5,NE,15,0.0,0.0,bbbb
825,52510,2015,12,28,21,4,52.0,55.0,55.0,-2,60.51,5,NE,19,0.0,0.0,bbbb
826,52511,2015,12,28,22,4,48.0,54.0,55.0,-2,64.9,4,NE,21,0.0,0.0,bbbb
827,52512,2015,12,28,23,4,47.0,54.0,51.0,-2,69.64,3,NE,22,0.0,0.0,bbbb
828,52513,2015,12,29,0,4,54.0,60.0,53.0,-1,69.85,4,NW,1,0.0,0.0,bbbb
829,52514,2015,12,29,1,4,58.0,65.0,61.0,-1,74.96,3,NW,3,0.0,0.0,bbbb
830,52515,2015,12,29,2,4,62.0,68.0,64.0,-1,74.96,3,NW,4,0.0,0.0,bbbb
831,52516,2015,12,29,3,4,62.0,72.0,69.0,-1,74.96,3,NE,2,0.0,0.0,bbbb
832,52517,2015,12,29,4,4,66.0,70.0,68.0,-1,74.96,3,NE,3,0.0,0.0,bbbb
833,52518,2015,12,29,5,4,68.0,71.0,72.0,-1,80.49,2,NE,5,0.0,0.0,bbbb
834,52519,2015,12,29,6,4,67.0,72.0,70.0,0,80.63,3,NE,7,0.0,0.0,bbbb
835,52520,2015,12,29,7,4,64.0,71.0,68.0,-1,74.96,3,NE,9,0.0,0.0,bbbb
836,52521,2015,12,29,8,4,60.0,73.0,68.0,1,80.78,4,NW,2,0.0,0.0,bbbb
837,52522,2015,12,29,9,4,63.0,67.0,68.0,1,70.27,6,NE,2,0.0,0.0,bbbb
838,52523,2015,12,29,10,4,62.0,70.0,66.0,0,56.99,8,NE,3,0.0,0.0,bbbb
839,52524,2015,12,29,11,4,63.0,57.0,55.0,-1,46.29,10,SE,2,0.0,0.0,bbbb
840,52525,2015,12,29,12,4,57.0,59.0,62.0,0,49.8,10,SW,2,0.0,0.0,bbbb
841,52526,2015,12,29,13,4,56.0,63.0,55.0,0,46.58,11,SW,4,0.0,0.0,bbbb
843,52528,2015,12,29,15,4,32.0,66.0,58.0,0,49.8,10,SE,5,0.0,0.0,bbbb
844,52529,2015,12,29,16,4,59.0,58.0,65.0,0,49.8,10,SE,8,0.0,0.0,bbbb
845,52530,2015,12,29,17,4,49.0,47.0,56.0,1,57.25,9,SE,11,0.0,0.0,bbbb
846,52531,2015,12,29,18,4,42.0,45.0,46.0,1,61.26,8,NE,4,0.0,0.0,bbbb
847,52532,2015,12,29,19,4,37.0,44.0,47.0,1,61.26,8,SE,4,0.0,0.0,bbbb
848,52533,2015,12,29,20,4,36.0,39.0,48.0,2,70.47,7,SE,7,0.0,0.0,bbbb
849,52534,2015,12,29,21,4,32.0,36.0,47.0,2,70.47,7,SE,10,0.0,0.0,bbbb
861,52546,2015,12,30,9,4,67.0,47.0,65.0,4,70.88,9,cv,1,0.0,0.0,bbbb
862,52547,2015,12,30,10,4,58.0,70.0,60.0,5,71.07,10,SW,2,0.0,0.0,bbbb
863,52548,2015,12,30,11,4,84.0,97.0,80.0,4,62.0,11,NW,3,0.0,0.0,bbbb
864,52549,2015,12,30,12,4,99.0,99.0,89.0,4,58.03,12,NW,6,0.0,0.0,bbbb
865,52550,2015,12,30,13,4,107.0,96.0,101.0,3,54.08,12,NW,10,0.0,0.0,bbbb
866,52551,2015,12,30,14,4,108.0,105.0,104.0,2,50.36,12,NW,13,0.0,0.0,bbbb
867,52552,2015,12,30,15,4,116.0,120.0,110.0,3,50.65,13,NW,17,0.0,0.0,bbbb
868,52553,2015,12,30,16,4,128.0,124.0,123.0,3,54.08,12,NW,21,0.0,0.0,bbbb
869,52554,2015,12,30,17,4,130.0,130.0,138.0,2,53.81,11,NW,24,0.0,0.0,bbbb
872,52557,2015,12,30,20,4,168.0,168.0,174.0,3,66.05,9,NW,33,0.0,0.0,bbbb
876,52561,2015,12,31,0,4,183.0,181.0,181.0,3,75.67,7,NW,3,0.0,0.0,bbbb
877,52562,2015,12,31,1,4,186.0,191.0,188.0,3,81.06,6,NW,8,0.0,0.0,bbbb
878,52563,2015,12,31,2,4,200.0,207.0,203.0,3,81.06,6,NW,12,0.0,0.0,bbbb
879,52564,2015,12,31,3,4,212.0,212.0,216.0,3,81.06,6,NW,16,0.0,0.0,bbbb
880,52565,2015,12,31,4,4,207.0,204.0,211.0,3,81.06,6,NE,5,0.0,0.0,bbbb
881,52566,2015,12,31,5,4,203.0,202.0,206.0,3,86.89,5,NW,4,0.0,0.0,bbbb
882,52567,2015,12,31,6,4,200.0,199.0,200.0,2,86.79,4,NW,8,0.0,0.0,bbbb
883,52568,2015,12,31,7,4,195.0,192.0,205.0,2,86.79,4,NW,11,0.0,0.0,bbbb
884,52569,2015,12,31,8,4,196.0,189.0,214.0,3,86.89,5,NW,15,0.0,0.0,bbbb
885,52570,2015,12,31,9,4,195.0,187.0,201.0,3,81.06,6,NW,20,0.0,0.0,bbbb
886,52571,2015,12,31,10,4,184.0,160.0,177.0,2,65.82,8,NW,23,0.0,0.0,bbbb
887,52572,2015,12,31,11,4,141.0,120.0,153.0,-1,49.51,9,NE,6,0.0,0.0,bbbb
888,52573,2015,12,31,12,4,115.0,107.0,113.0,-2,43.01,10,NE,12,0.0,0.0,bbbb
889,52574,2015,12,31,13,4,85.0,85.0,102.0,-3,39.93,10,NW,4,0.0,0.0,bbbb
890,52575,2015,12,31,14,4,75.0,84.0,71.0,-4,37.05,10,NE,4,0.0,0.0,bbbb
891,52576,2015,12,31,15,4,82.0,82.0,78.0,-2,43.01,10,NW,5,0.0,0.0,bbbb
892,52577,2015,12,31,16,4,82.0,88.0,88.0,-2,46.0,9,NE,5,0.0,0.0,bbbb
893,52578,2015,12,31,17,4,88.0,91.0,86.0,-2,52.7,7,NE,9,0.0,0.0,bbbb
894,52579,2015,12,31,18,4,93.0,92.0,90.0,-2,60.51,5,NE,12,0.0,0.0,bbbb
895,52580,2015,12,31,19,4,86.0,82.0,90.0,-1,65.13,5,NE,15,0.0,0.0,bbbb
896,52581,2015,12,31,20,4,83.0,93.0,86.0,1,70.27,6,NE,19,0.0,0.0,bbbb
897,52582,2015,12,31,21,4,85.0,90.0,95.0,1,70.27,6,NE,22,0.0,0.0,bbbb
898,52583,2015,12,31,22,4,83.0,86.0,92.0,0,70.06,5,NE,25,0.0,0.0,bbbb
